N,Motif,Edit_Type,Insertion_Sequence,Insertion_hg19_coordinate,Spacer_Seq,Spacer_Coordinates,Mapping_Seq_2114,diff_in_logcounts_preds
0.0,WildType,WildType,,,,,TCACAGATGCCCACAGGCACAGTACTTAGTTGACAAATCCATGTCTCTCTCGTTCATTTTATCCTAAGAACAGACACGAGAAAAAAGCAGGATGAGGAGCATGATCGCACCCTTACCCTCCAGATGGGAAACTGAGGCCCAGAGAGGCCTGGAGCACTGGTGCAAGCTGGTAGCAATACTCCAGGGCTCCCTAGCCCTAGCCAGTGCCTTCCTGTGTCCAGGCCTCAGCTTCCCCTGGGGACAGTACAAGTGTTGGGCCAGATGCTCTCTCAGGTCCCTGCGTGGCATCCATTTATTGCAGACCTCCCACCACCTTGCAGTGAGGGTGGCTCTGGCTGCTGGGAAGCCCACTTTCAGCACGTGGGGTTTAAATGCTCCTGCTGTGGGTCTCCCCACTGAGTCCCCTCCCAGGGTGCATGCTGATGGGAGGGGGCAGCTGGCAGTCTGCCCCGGGGCTGTCAGTGTGGGTCCTAGGAGGAGGGATCAGACCCAGTCCTGGGGAGGGCTGGGGGCCTGAAAGGAGCATGATGAGCCCAGGCTGCGTTTTCAGTCTTGCTAGAAGCAGGTCTGGTCCCCAGAAACAACTAGAGACAGGCCCAGGCCGGGACAAGCAGGCTAGGGGGCATCATGGGAGGTGTCTCAGCTTATCTCCTCCCTCTTGCGCCTCTAGCTCACTAATCCCGCCTCTCATCTCACCTTTCTCTAACCCTCTCAGACTGCAGGACCTAGGGCAGCAGGGAAGCTTATTTGGCCTGAGCCTTACCTGCAAAGGGCTCAAAGGTAGACTTTTGCTATTATATTCAAATTGCAACGTATAGATGCTCATATTTTGGAATTAATTACGTTTTAGCAGTTTTTCTTTTTTTAAAAAAATCTGCTGGTACCTTAATAAACATGGAACCAGCAACCTTTTGCCAGGTGTCTGTTCTCCGGGTCTCTGGGCCTGGAGGCGGGAGTGTTTCAAAGCACTTCACGCTCCGCGGCCCCACCGGCTGGCTGCGCTGCCCGCTGCGGCCGGCAGGGGTAGTCCACGGACAGGCCTGGAGGAGGCGGGACGGGGGCAGGGCCGGGAACCTGGGCAAGCCAATAAAGGCTGCGGCGCGCGGCTGCGCGGGACTCGGCCTTCTGGGCGCGCGCGACGTCAGTTTGAGTTCTGTGTTCTCCCCGCCCGTGTCCCGCCCGACCCGCGCCCGCGATGCTGGCGCTGCGCTGCGGCTCCCGCTGGCTCGGCCTGCTCTCCGTCCCGCGCTCCGTGCCGCTGCGCCTCCCCGCGGCCCGCGCCTGCAGCAAGGGCTCCGGCGACCCGTCCTCTTCCTCCTCCTCCGGGAACCCGCTCGTGTACCTGGACGTGGACGCCAACGGGAAGCCGCTCGGCCGCGTGGTGCTGGAGGTGAGACCGCTCGCAGGGCCGGCCTGGGCGCGGGACACGGGCCCGGGGAGAGCCCTGGGCCCCGGGCGGCGCGGTGCCGGGCGCGCTGGGTGACCTTGGGCCTCCCCATGCCGAGCTCTGGGCCTCAGTTTCCCCATTTCTGAGAATGGGCGTCAGAATGATTTCTTCCGGCCTCCCTCGGAGCACTGGAGCGGGGGAGACGGGAGGGAGGGCACGTGTGGAGGAGAAAGCTCAAGGTCAGATCGCAGAGAGGGAGGGCTCAGCACCTCTGGGCCGGCCCGGGCACGAGGGAGGGGCTCCAGGAGCCTTCTGGGGCTGAGCCTAGATCCGGAGCTCCGAGGTGGGTGTCGGGGGTCTTGGGGTGAGCGTCGTGGCCCAGCGGGTGCTCACGTGGCGGCCCTTGCACAACACGGAGCGCTTCCTGGCTCCGGCCCCGCCCCTGCGGTCGGGCTCACACTGGGGGTGCTGGGAAATGGAGCGAGAGGTGGTTTCCAGCAGTAGTGCGGGCCCAGTAGGCCTCAGGCCCCGGCCACCTGGTGGACCCCAGAATGCCCCTCCTGCGAGTCGGGACACACTCAGAGACAGTGTGCCCGGCGCCTCAACCCCTGCCACTGTCCTTGGGGGCCACACTGAGCACCTCCCCTAACTCTGTTTTTGGGTCTTTTCTAAAGCAAAGTAAGAAACAGTCACCAGGGTAGCTTTAGAGGGAAAGCCCTAGTGGAGC,0.0
1.0,YY1,Consensus_Motif,AAGATGGC,chr10:81107166-81107167,GCCTGGAGGAGGCGGGACGG,chr10:81107148-81107167,AGATGCCCACAGGCACAGTACTTAGTTGACAAATCCATGTCTCTCTCGTTCATTTTATCCTAAGAACAGACACGAGAAAAAAGCAGGATGAGGAGCATGATCGCACCCTTACCCTCCAGATGGGAAACTGAGGCCCAGAGAGGCCTGGAGCACTGGTGCAAGCTGGTAGCAATACTCCAGGGCTCCCTAGCCCTAGCCAGTGCCTTCCTGTGTCCAGGCCTCAGCTTCCCCTGGGGACAGTACAAGTGTTGGGCCAGATGCTCTCTCAGGTCCCTGCGTGGCATCCATTTATTGCAGACCTCCCACCACCTTGCAGTGAGGGTGGCTCTGGCTGCTGGGAAGCCCACTTTCAGCACGTGGGGTTTAAATGCTCCTGCTGTGGGTCTCCCCACTGAGTCCCCTCCCAGGGTGCATGCTGATGGGAGGGGGCAGCTGGCAGTCTGCCCCGGGGCTGTCAGTGTGGGTCCTAGGAGGAGGGATCAGACCCAGTCCTGGGGAGGGCTGGGGGCCTGAAAGGAGCATGATGAGCCCAGGCTGCGTTTTCAGTCTTGCTAGAAGCAGGTCTGGTCCCCAGAAACAACTAGAGACAGGCCCAGGCCGGGACAAGCAGGCTAGGGGGCATCATGGGAGGTGTCTCAGCTTATCTCCTCCCTCTTGCGCCTCTAGCTCACTAATCCCGCCTCTCATCTCACCTTTCTCTAACCCTCTCAGACTGCAGGACCTAGGGCAGCAGGGAAGCTTATTTGGCCTGAGCCTTACCTGCAAAGGGCTCAAAGGTAGACTTTTGCTATTATATTCAAATTGCAACGTATAGATGCTCATATTTTGGAATTAATTACGTTTTAGCAGTTTTTCTTTTTTTAAAAAAATCTGCTGGTACCTTAATAAACATGGAACCAGCAACCTTTTGCCAGGTGTCTGTTCTCCGGGTCTCTGGGCCTGGAGGCGGGAGTGTTTCAAAGCACTTCACGCTCCGCGGCCCCACCGGCTGGCTGCGCTGCCCGCTGCGGCCGGCAGGGGTAGTCCACGGACAGGCCTGGAGGAGGCGGGACGAAGATGGCGGGGCAGGGCCGGGAACCTGGGCAAGCCAATAAAGGCTGCGGCGCGCGGCTGCGCGGGACTCGGCCTTCTGGGCGCGCGCGACGTCAGTTTGAGTTCTGTGTTCTCCCCGCCCGTGTCCCGCCCGACCCGCGCCCGCGATGCTGGCGCTGCGCTGCGGCTCCCGCTGGCTCGGCCTGCTCTCCGTCCCGCGCTCCGTGCCGCTGCGCCTCCCCGCGGCCCGCGCCTGCAGCAAGGGCTCCGGCGACCCGTCCTCTTCCTCCTCCTCCGGGAACCCGCTCGTGTACCTGGACGTGGACGCCAACGGGAAGCCGCTCGGCCGCGTGGTGCTGGAGGTGAGACCGCTCGCAGGGCCGGCCTGGGCGCGGGACACGGGCCCGGGGAGAGCCCTGGGCCCCGGGCGGCGCGGTGCCGGGCGCGCTGGGTGACCTTGGGCCTCCCCATGCCGAGCTCTGGGCCTCAGTTTCCCCATTTCTGAGAATGGGCGTCAGAATGATTTCTTCCGGCCTCCCTCGGAGCACTGGAGCGGGGGAGACGGGAGGGAGGGCACGTGTGGAGGAGAAAGCTCAAGGTCAGATCGCAGAGAGGGAGGGCTCAGCACCTCTGGGCCGGCCCGGGCACGAGGGAGGGGCTCCAGGAGCCTTCTGGGGCTGAGCCTAGATCCGGAGCTCCGAGGTGGGTGTCGGGGGTCTTGGGGTGAGCGTCGTGGCCCAGCGGGTGCTCACGTGGCGGCCCTTGCACAACACGGAGCGCTTCCTGGCTCCGGCCCCGCCCCTGCGGTCGGGCTCACACTGGGGGTGCTGGGAAATGGAGCGAGAGGTGGTTTCCAGCAGTAGTGCGGGCCCAGTAGGCCTCAGGCCCCGGCCACCTGGTGGACCCCAGAATGCCCCTCCTGCGAGTCGGGACACACTCAGAGACAGTGTGCCCGGCGCCTCAACCCCTGCCACTGTCCTTGGGGGCCACACTGAGCACCTCCCCTAACTCTGTTTTTGGGTCTTTTCTAAAGCAAAGTAAGAAACAGTCACCAGGGTAGCTTTAGAGGGAAAGCCCTAGTG,-0.00732421875
2.0,GABPA,Consensus_Motif,ACCGGAAG,chr10:81107166-81107167,GCCTGGAGGAGGCGGGACGG,chr10:81107148-81107167,AGATGCCCACAGGCACAGTACTTAGTTGACAAATCCATGTCTCTCTCGTTCATTTTATCCTAAGAACAGACACGAGAAAAAAGCAGGATGAGGAGCATGATCGCACCCTTACCCTCCAGATGGGAAACTGAGGCCCAGAGAGGCCTGGAGCACTGGTGCAAGCTGGTAGCAATACTCCAGGGCTCCCTAGCCCTAGCCAGTGCCTTCCTGTGTCCAGGCCTCAGCTTCCCCTGGGGACAGTACAAGTGTTGGGCCAGATGCTCTCTCAGGTCCCTGCGTGGCATCCATTTATTGCAGACCTCCCACCACCTTGCAGTGAGGGTGGCTCTGGCTGCTGGGAAGCCCACTTTCAGCACGTGGGGTTTAAATGCTCCTGCTGTGGGTCTCCCCACTGAGTCCCCTCCCAGGGTGCATGCTGATGGGAGGGGGCAGCTGGCAGTCTGCCCCGGGGCTGTCAGTGTGGGTCCTAGGAGGAGGGATCAGACCCAGTCCTGGGGAGGGCTGGGGGCCTGAAAGGAGCATGATGAGCCCAGGCTGCGTTTTCAGTCTTGCTAGAAGCAGGTCTGGTCCCCAGAAACAACTAGAGACAGGCCCAGGCCGGGACAAGCAGGCTAGGGGGCATCATGGGAGGTGTCTCAGCTTATCTCCTCCCTCTTGCGCCTCTAGCTCACTAATCCCGCCTCTCATCTCACCTTTCTCTAACCCTCTCAGACTGCAGGACCTAGGGCAGCAGGGAAGCTTATTTGGCCTGAGCCTTACCTGCAAAGGGCTCAAAGGTAGACTTTTGCTATTATATTCAAATTGCAACGTATAGATGCTCATATTTTGGAATTAATTACGTTTTAGCAGTTTTTCTTTTTTTAAAAAAATCTGCTGGTACCTTAATAAACATGGAACCAGCAACCTTTTGCCAGGTGTCTGTTCTCCGGGTCTCTGGGCCTGGAGGCGGGAGTGTTTCAAAGCACTTCACGCTCCGCGGCCCCACCGGCTGGCTGCGCTGCCCGCTGCGGCCGGCAGGGGTAGTCCACGGACAGGCCTGGAGGAGGCGGGACGACCGGAAGGGGGCAGGGCCGGGAACCTGGGCAAGCCAATAAAGGCTGCGGCGCGCGGCTGCGCGGGACTCGGCCTTCTGGGCGCGCGCGACGTCAGTTTGAGTTCTGTGTTCTCCCCGCCCGTGTCCCGCCCGACCCGCGCCCGCGATGCTGGCGCTGCGCTGCGGCTCCCGCTGGCTCGGCCTGCTCTCCGTCCCGCGCTCCGTGCCGCTGCGCCTCCCCGCGGCCCGCGCCTGCAGCAAGGGCTCCGGCGACCCGTCCTCTTCCTCCTCCTCCGGGAACCCGCTCGTGTACCTGGACGTGGACGCCAACGGGAAGCCGCTCGGCCGCGTGGTGCTGGAGGTGAGACCGCTCGCAGGGCCGGCCTGGGCGCGGGACACGGGCCCGGGGAGAGCCCTGGGCCCCGGGCGGCGCGGTGCCGGGCGCGCTGGGTGACCTTGGGCCTCCCCATGCCGAGCTCTGGGCCTCAGTTTCCCCATTTCTGAGAATGGGCGTCAGAATGATTTCTTCCGGCCTCCCTCGGAGCACTGGAGCGGGGGAGACGGGAGGGAGGGCACGTGTGGAGGAGAAAGCTCAAGGTCAGATCGCAGAGAGGGAGGGCTCAGCACCTCTGGGCCGGCCCGGGCACGAGGGAGGGGCTCCAGGAGCCTTCTGGGGCTGAGCCTAGATCCGGAGCTCCGAGGTGGGTGTCGGGGGTCTTGGGGTGAGCGTCGTGGCCCAGCGGGTGCTCACGTGGCGGCCCTTGCACAACACGGAGCGCTTCCTGGCTCCGGCCCCGCCCCTGCGGTCGGGCTCACACTGGGGGTGCTGGGAAATGGAGCGAGAGGTGGTTTCCAGCAGTAGTGCGGGCCCAGTAGGCCTCAGGCCCCGGCCACCTGGTGGACCCCAGAATGCCCCTCCTGCGAGTCGGGACACACTCAGAGACAGTGTGCCCGGCGCCTCAACCCCTGCCACTGTCCTTGGGGGCCACACTGAGCACCTCCCCTAACTCTGTTTTTGGGTCTTTTCTAAAGCAAAGTAAGAAACAGTCACCAGGGTAGCTTTAGAGGGAAAGCCCTAGTG,0.15186023712158203
3.0,ETS1,Consensus_Motif,CAGGAAGT,chr10:81107166-81107167,GCCTGGAGGAGGCGGGACGG,chr10:81107148-81107167,AGATGCCCACAGGCACAGTACTTAGTTGACAAATCCATGTCTCTCTCGTTCATTTTATCCTAAGAACAGACACGAGAAAAAAGCAGGATGAGGAGCATGATCGCACCCTTACCCTCCAGATGGGAAACTGAGGCCCAGAGAGGCCTGGAGCACTGGTGCAAGCTGGTAGCAATACTCCAGGGCTCCCTAGCCCTAGCCAGTGCCTTCCTGTGTCCAGGCCTCAGCTTCCCCTGGGGACAGTACAAGTGTTGGGCCAGATGCTCTCTCAGGTCCCTGCGTGGCATCCATTTATTGCAGACCTCCCACCACCTTGCAGTGAGGGTGGCTCTGGCTGCTGGGAAGCCCACTTTCAGCACGTGGGGTTTAAATGCTCCTGCTGTGGGTCTCCCCACTGAGTCCCCTCCCAGGGTGCATGCTGATGGGAGGGGGCAGCTGGCAGTCTGCCCCGGGGCTGTCAGTGTGGGTCCTAGGAGGAGGGATCAGACCCAGTCCTGGGGAGGGCTGGGGGCCTGAAAGGAGCATGATGAGCCCAGGCTGCGTTTTCAGTCTTGCTAGAAGCAGGTCTGGTCCCCAGAAACAACTAGAGACAGGCCCAGGCCGGGACAAGCAGGCTAGGGGGCATCATGGGAGGTGTCTCAGCTTATCTCCTCCCTCTTGCGCCTCTAGCTCACTAATCCCGCCTCTCATCTCACCTTTCTCTAACCCTCTCAGACTGCAGGACCTAGGGCAGCAGGGAAGCTTATTTGGCCTGAGCCTTACCTGCAAAGGGCTCAAAGGTAGACTTTTGCTATTATATTCAAATTGCAACGTATAGATGCTCATATTTTGGAATTAATTACGTTTTAGCAGTTTTTCTTTTTTTAAAAAAATCTGCTGGTACCTTAATAAACATGGAACCAGCAACCTTTTGCCAGGTGTCTGTTCTCCGGGTCTCTGGGCCTGGAGGCGGGAGTGTTTCAAAGCACTTCACGCTCCGCGGCCCCACCGGCTGGCTGCGCTGCCCGCTGCGGCCGGCAGGGGTAGTCCACGGACAGGCCTGGAGGAGGCGGGACGCAGGAAGTGGGGCAGGGCCGGGAACCTGGGCAAGCCAATAAAGGCTGCGGCGCGCGGCTGCGCGGGACTCGGCCTTCTGGGCGCGCGCGACGTCAGTTTGAGTTCTGTGTTCTCCCCGCCCGTGTCCCGCCCGACCCGCGCCCGCGATGCTGGCGCTGCGCTGCGGCTCCCGCTGGCTCGGCCTGCTCTCCGTCCCGCGCTCCGTGCCGCTGCGCCTCCCCGCGGCCCGCGCCTGCAGCAAGGGCTCCGGCGACCCGTCCTCTTCCTCCTCCTCCGGGAACCCGCTCGTGTACCTGGACGTGGACGCCAACGGGAAGCCGCTCGGCCGCGTGGTGCTGGAGGTGAGACCGCTCGCAGGGCCGGCCTGGGCGCGGGACACGGGCCCGGGGAGAGCCCTGGGCCCCGGGCGGCGCGGTGCCGGGCGCGCTGGGTGACCTTGGGCCTCCCCATGCCGAGCTCTGGGCCTCAGTTTCCCCATTTCTGAGAATGGGCGTCAGAATGATTTCTTCCGGCCTCCCTCGGAGCACTGGAGCGGGGGAGACGGGAGGGAGGGCACGTGTGGAGGAGAAAGCTCAAGGTCAGATCGCAGAGAGGGAGGGCTCAGCACCTCTGGGCCGGCCCGGGCACGAGGGAGGGGCTCCAGGAGCCTTCTGGGGCTGAGCCTAGATCCGGAGCTCCGAGGTGGGTGTCGGGGGTCTTGGGGTGAGCGTCGTGGCCCAGCGGGTGCTCACGTGGCGGCCCTTGCACAACACGGAGCGCTTCCTGGCTCCGGCCCCGCCCCTGCGGTCGGGCTCACACTGGGGGTGCTGGGAAATGGAGCGAGAGGTGGTTTCCAGCAGTAGTGCGGGCCCAGTAGGCCTCAGGCCCCGGCCACCTGGTGGACCCCAGAATGCCCCTCCTGCGAGTCGGGACACACTCAGAGACAGTGTGCCCGGCGCCTCAACCCCTGCCACTGTCCTTGGGGGCCACACTGAGCACCTCCCCTAACTCTGTTTTTGGGTCTTTTCTAAAGCAAAGTAAGAAACAGTCACCAGGGTAGCTTTAGAGGGAAAGCCCTAGTG,0.23155593872070312
4.0,NFY,Consensus_Motif,CCAATCAG,chr10:81107166-81107167,GCCTGGAGGAGGCGGGACGG,chr10:81107148-81107167,AGATGCCCACAGGCACAGTACTTAGTTGACAAATCCATGTCTCTCTCGTTCATTTTATCCTAAGAACAGACACGAGAAAAAAGCAGGATGAGGAGCATGATCGCACCCTTACCCTCCAGATGGGAAACTGAGGCCCAGAGAGGCCTGGAGCACTGGTGCAAGCTGGTAGCAATACTCCAGGGCTCCCTAGCCCTAGCCAGTGCCTTCCTGTGTCCAGGCCTCAGCTTCCCCTGGGGACAGTACAAGTGTTGGGCCAGATGCTCTCTCAGGTCCCTGCGTGGCATCCATTTATTGCAGACCTCCCACCACCTTGCAGTGAGGGTGGCTCTGGCTGCTGGGAAGCCCACTTTCAGCACGTGGGGTTTAAATGCTCCTGCTGTGGGTCTCCCCACTGAGTCCCCTCCCAGGGTGCATGCTGATGGGAGGGGGCAGCTGGCAGTCTGCCCCGGGGCTGTCAGTGTGGGTCCTAGGAGGAGGGATCAGACCCAGTCCTGGGGAGGGCTGGGGGCCTGAAAGGAGCATGATGAGCCCAGGCTGCGTTTTCAGTCTTGCTAGAAGCAGGTCTGGTCCCCAGAAACAACTAGAGACAGGCCCAGGCCGGGACAAGCAGGCTAGGGGGCATCATGGGAGGTGTCTCAGCTTATCTCCTCCCTCTTGCGCCTCTAGCTCACTAATCCCGCCTCTCATCTCACCTTTCTCTAACCCTCTCAGACTGCAGGACCTAGGGCAGCAGGGAAGCTTATTTGGCCTGAGCCTTACCTGCAAAGGGCTCAAAGGTAGACTTTTGCTATTATATTCAAATTGCAACGTATAGATGCTCATATTTTGGAATTAATTACGTTTTAGCAGTTTTTCTTTTTTTAAAAAAATCTGCTGGTACCTTAATAAACATGGAACCAGCAACCTTTTGCCAGGTGTCTGTTCTCCGGGTCTCTGGGCCTGGAGGCGGGAGTGTTTCAAAGCACTTCACGCTCCGCGGCCCCACCGGCTGGCTGCGCTGCCCGCTGCGGCCGGCAGGGGTAGTCCACGGACAGGCCTGGAGGAGGCGGGACGCCAATCAGGGGGCAGGGCCGGGAACCTGGGCAAGCCAATAAAGGCTGCGGCGCGCGGCTGCGCGGGACTCGGCCTTCTGGGCGCGCGCGACGTCAGTTTGAGTTCTGTGTTCTCCCCGCCCGTGTCCCGCCCGACCCGCGCCCGCGATGCTGGCGCTGCGCTGCGGCTCCCGCTGGCTCGGCCTGCTCTCCGTCCCGCGCTCCGTGCCGCTGCGCCTCCCCGCGGCCCGCGCCTGCAGCAAGGGCTCCGGCGACCCGTCCTCTTCCTCCTCCTCCGGGAACCCGCTCGTGTACCTGGACGTGGACGCCAACGGGAAGCCGCTCGGCCGCGTGGTGCTGGAGGTGAGACCGCTCGCAGGGCCGGCCTGGGCGCGGGACACGGGCCCGGGGAGAGCCCTGGGCCCCGGGCGGCGCGGTGCCGGGCGCGCTGGGTGACCTTGGGCCTCCCCATGCCGAGCTCTGGGCCTCAGTTTCCCCATTTCTGAGAATGGGCGTCAGAATGATTTCTTCCGGCCTCCCTCGGAGCACTGGAGCGGGGGAGACGGGAGGGAGGGCACGTGTGGAGGAGAAAGCTCAAGGTCAGATCGCAGAGAGGGAGGGCTCAGCACCTCTGGGCCGGCCCGGGCACGAGGGAGGGGCTCCAGGAGCCTTCTGGGGCTGAGCCTAGATCCGGAGCTCCGAGGTGGGTGTCGGGGGTCTTGGGGTGAGCGTCGTGGCCCAGCGGGTGCTCACGTGGCGGCCCTTGCACAACACGGAGCGCTTCCTGGCTCCGGCCCCGCCCCTGCGGTCGGGCTCACACTGGGGGTGCTGGGAAATGGAGCGAGAGGTGGTTTCCAGCAGTAGTGCGGGCCCAGTAGGCCTCAGGCCCCGGCCACCTGGTGGACCCCAGAATGCCCCTCCTGCGAGTCGGGACACACTCAGAGACAGTGTGCCCGGCGCCTCAACCCCTGCCACTGTCCTTGGGGGCCACACTGAGCACCTCCCCTAACTCTGTTTTTGGGTCTTTTCTAAAGCAAAGTAAGAAACAGTCACCAGGGTAGCTTTAGAGGGAAAGCCCTAGTG,0.17812204360961914
5.0,NRF1,Consensus_Motif,GCGCATGC,chr10:81107166-81107167,GCCTGGAGGAGGCGGGACGG,chr10:81107148-81107167,AGATGCCCACAGGCACAGTACTTAGTTGACAAATCCATGTCTCTCTCGTTCATTTTATCCTAAGAACAGACACGAGAAAAAAGCAGGATGAGGAGCATGATCGCACCCTTACCCTCCAGATGGGAAACTGAGGCCCAGAGAGGCCTGGAGCACTGGTGCAAGCTGGTAGCAATACTCCAGGGCTCCCTAGCCCTAGCCAGTGCCTTCCTGTGTCCAGGCCTCAGCTTCCCCTGGGGACAGTACAAGTGTTGGGCCAGATGCTCTCTCAGGTCCCTGCGTGGCATCCATTTATTGCAGACCTCCCACCACCTTGCAGTGAGGGTGGCTCTGGCTGCTGGGAAGCCCACTTTCAGCACGTGGGGTTTAAATGCTCCTGCTGTGGGTCTCCCCACTGAGTCCCCTCCCAGGGTGCATGCTGATGGGAGGGGGCAGCTGGCAGTCTGCCCCGGGGCTGTCAGTGTGGGTCCTAGGAGGAGGGATCAGACCCAGTCCTGGGGAGGGCTGGGGGCCTGAAAGGAGCATGATGAGCCCAGGCTGCGTTTTCAGTCTTGCTAGAAGCAGGTCTGGTCCCCAGAAACAACTAGAGACAGGCCCAGGCCGGGACAAGCAGGCTAGGGGGCATCATGGGAGGTGTCTCAGCTTATCTCCTCCCTCTTGCGCCTCTAGCTCACTAATCCCGCCTCTCATCTCACCTTTCTCTAACCCTCTCAGACTGCAGGACCTAGGGCAGCAGGGAAGCTTATTTGGCCTGAGCCTTACCTGCAAAGGGCTCAAAGGTAGACTTTTGCTATTATATTCAAATTGCAACGTATAGATGCTCATATTTTGGAATTAATTACGTTTTAGCAGTTTTTCTTTTTTTAAAAAAATCTGCTGGTACCTTAATAAACATGGAACCAGCAACCTTTTGCCAGGTGTCTGTTCTCCGGGTCTCTGGGCCTGGAGGCGGGAGTGTTTCAAAGCACTTCACGCTCCGCGGCCCCACCGGCTGGCTGCGCTGCCCGCTGCGGCCGGCAGGGGTAGTCCACGGACAGGCCTGGAGGAGGCGGGACGGCGCATGCGGGGCAGGGCCGGGAACCTGGGCAAGCCAATAAAGGCTGCGGCGCGCGGCTGCGCGGGACTCGGCCTTCTGGGCGCGCGCGACGTCAGTTTGAGTTCTGTGTTCTCCCCGCCCGTGTCCCGCCCGACCCGCGCCCGCGATGCTGGCGCTGCGCTGCGGCTCCCGCTGGCTCGGCCTGCTCTCCGTCCCGCGCTCCGTGCCGCTGCGCCTCCCCGCGGCCCGCGCCTGCAGCAAGGGCTCCGGCGACCCGTCCTCTTCCTCCTCCTCCGGGAACCCGCTCGTGTACCTGGACGTGGACGCCAACGGGAAGCCGCTCGGCCGCGTGGTGCTGGAGGTGAGACCGCTCGCAGGGCCGGCCTGGGCGCGGGACACGGGCCCGGGGAGAGCCCTGGGCCCCGGGCGGCGCGGTGCCGGGCGCGCTGGGTGACCTTGGGCCTCCCCATGCCGAGCTCTGGGCCTCAGTTTCCCCATTTCTGAGAATGGGCGTCAGAATGATTTCTTCCGGCCTCCCTCGGAGCACTGGAGCGGGGGAGACGGGAGGGAGGGCACGTGTGGAGGAGAAAGCTCAAGGTCAGATCGCAGAGAGGGAGGGCTCAGCACCTCTGGGCCGGCCCGGGCACGAGGGAGGGGCTCCAGGAGCCTTCTGGGGCTGAGCCTAGATCCGGAGCTCCGAGGTGGGTGTCGGGGGTCTTGGGGTGAGCGTCGTGGCCCAGCGGGTGCTCACGTGGCGGCCCTTGCACAACACGGAGCGCTTCCTGGCTCCGGCCCCGCCCCTGCGGTCGGGCTCACACTGGGGGTGCTGGGAAATGGAGCGAGAGGTGGTTTCCAGCAGTAGTGCGGGCCCAGTAGGCCTCAGGCCCCGGCCACCTGGTGGACCCCAGAATGCCCCTCCTGCGAGTCGGGACACACTCAGAGACAGTGTGCCCGGCGCCTCAACCCCTGCCACTGTCCTTGGGGGCCACACTGAGCACCTCCCCTAACTCTGTTTTTGGGTCTTTTCTAAAGCAAAGTAAGAAACAGTCACCAGGGTAGCTTTAGAGGGAAAGCCCTAGTG,0.21003437042236328
6.0,SPI1,Consensus_Motif,GAGGAAGT,chr10:81107166-81107167,GCCTGGAGGAGGCGGGACGG,chr10:81107148-81107167,AGATGCCCACAGGCACAGTACTTAGTTGACAAATCCATGTCTCTCTCGTTCATTTTATCCTAAGAACAGACACGAGAAAAAAGCAGGATGAGGAGCATGATCGCACCCTTACCCTCCAGATGGGAAACTGAGGCCCAGAGAGGCCTGGAGCACTGGTGCAAGCTGGTAGCAATACTCCAGGGCTCCCTAGCCCTAGCCAGTGCCTTCCTGTGTCCAGGCCTCAGCTTCCCCTGGGGACAGTACAAGTGTTGGGCCAGATGCTCTCTCAGGTCCCTGCGTGGCATCCATTTATTGCAGACCTCCCACCACCTTGCAGTGAGGGTGGCTCTGGCTGCTGGGAAGCCCACTTTCAGCACGTGGGGTTTAAATGCTCCTGCTGTGGGTCTCCCCACTGAGTCCCCTCCCAGGGTGCATGCTGATGGGAGGGGGCAGCTGGCAGTCTGCCCCGGGGCTGTCAGTGTGGGTCCTAGGAGGAGGGATCAGACCCAGTCCTGGGGAGGGCTGGGGGCCTGAAAGGAGCATGATGAGCCCAGGCTGCGTTTTCAGTCTTGCTAGAAGCAGGTCTGGTCCCCAGAAACAACTAGAGACAGGCCCAGGCCGGGACAAGCAGGCTAGGGGGCATCATGGGAGGTGTCTCAGCTTATCTCCTCCCTCTTGCGCCTCTAGCTCACTAATCCCGCCTCTCATCTCACCTTTCTCTAACCCTCTCAGACTGCAGGACCTAGGGCAGCAGGGAAGCTTATTTGGCCTGAGCCTTACCTGCAAAGGGCTCAAAGGTAGACTTTTGCTATTATATTCAAATTGCAACGTATAGATGCTCATATTTTGGAATTAATTACGTTTTAGCAGTTTTTCTTTTTTTAAAAAAATCTGCTGGTACCTTAATAAACATGGAACCAGCAACCTTTTGCCAGGTGTCTGTTCTCCGGGTCTCTGGGCCTGGAGGCGGGAGTGTTTCAAAGCACTTCACGCTCCGCGGCCCCACCGGCTGGCTGCGCTGCCCGCTGCGGCCGGCAGGGGTAGTCCACGGACAGGCCTGGAGGAGGCGGGACGGAGGAAGTGGGGCAGGGCCGGGAACCTGGGCAAGCCAATAAAGGCTGCGGCGCGCGGCTGCGCGGGACTCGGCCTTCTGGGCGCGCGCGACGTCAGTTTGAGTTCTGTGTTCTCCCCGCCCGTGTCCCGCCCGACCCGCGCCCGCGATGCTGGCGCTGCGCTGCGGCTCCCGCTGGCTCGGCCTGCTCTCCGTCCCGCGCTCCGTGCCGCTGCGCCTCCCCGCGGCCCGCGCCTGCAGCAAGGGCTCCGGCGACCCGTCCTCTTCCTCCTCCTCCGGGAACCCGCTCGTGTACCTGGACGTGGACGCCAACGGGAAGCCGCTCGGCCGCGTGGTGCTGGAGGTGAGACCGCTCGCAGGGCCGGCCTGGGCGCGGGACACGGGCCCGGGGAGAGCCCTGGGCCCCGGGCGGCGCGGTGCCGGGCGCGCTGGGTGACCTTGGGCCTCCCCATGCCGAGCTCTGGGCCTCAGTTTCCCCATTTCTGAGAATGGGCGTCAGAATGATTTCTTCCGGCCTCCCTCGGAGCACTGGAGCGGGGGAGACGGGAGGGAGGGCACGTGTGGAGGAGAAAGCTCAAGGTCAGATCGCAGAGAGGGAGGGCTCAGCACCTCTGGGCCGGCCCGGGCACGAGGGAGGGGCTCCAGGAGCCTTCTGGGGCTGAGCCTAGATCCGGAGCTCCGAGGTGGGTGTCGGGGGTCTTGGGGTGAGCGTCGTGGCCCAGCGGGTGCTCACGTGGCGGCCCTTGCACAACACGGAGCGCTTCCTGGCTCCGGCCCCGCCCCTGCGGTCGGGCTCACACTGGGGGTGCTGGGAAATGGAGCGAGAGGTGGTTTCCAGCAGTAGTGCGGGCCCAGTAGGCCTCAGGCCCCGGCCACCTGGTGGACCCCAGAATGCCCCTCCTGCGAGTCGGGACACACTCAGAGACAGTGTGCCCGGCGCCTCAACCCCTGCCACTGTCCTTGGGGGCCACACTGAGCACCTCCCCTAACTCTGTTTTTGGGTCTTTTCTAAAGCAAAGTAAGAAACAGTCACCAGGGTAGCTTTAGAGGGAAAGCCCTAGTG,0.16343975067138672
7.0,GATA3,Consensus_Motif,AGATAAGA,chr10:81107166-81107167,GCCTGGAGGAGGCGGGACGG,chr10:81107148-81107167,AGATGCCCACAGGCACAGTACTTAGTTGACAAATCCATGTCTCTCTCGTTCATTTTATCCTAAGAACAGACACGAGAAAAAAGCAGGATGAGGAGCATGATCGCACCCTTACCCTCCAGATGGGAAACTGAGGCCCAGAGAGGCCTGGAGCACTGGTGCAAGCTGGTAGCAATACTCCAGGGCTCCCTAGCCCTAGCCAGTGCCTTCCTGTGTCCAGGCCTCAGCTTCCCCTGGGGACAGTACAAGTGTTGGGCCAGATGCTCTCTCAGGTCCCTGCGTGGCATCCATTTATTGCAGACCTCCCACCACCTTGCAGTGAGGGTGGCTCTGGCTGCTGGGAAGCCCACTTTCAGCACGTGGGGTTTAAATGCTCCTGCTGTGGGTCTCCCCACTGAGTCCCCTCCCAGGGTGCATGCTGATGGGAGGGGGCAGCTGGCAGTCTGCCCCGGGGCTGTCAGTGTGGGTCCTAGGAGGAGGGATCAGACCCAGTCCTGGGGAGGGCTGGGGGCCTGAAAGGAGCATGATGAGCCCAGGCTGCGTTTTCAGTCTTGCTAGAAGCAGGTCTGGTCCCCAGAAACAACTAGAGACAGGCCCAGGCCGGGACAAGCAGGCTAGGGGGCATCATGGGAGGTGTCTCAGCTTATCTCCTCCCTCTTGCGCCTCTAGCTCACTAATCCCGCCTCTCATCTCACCTTTCTCTAACCCTCTCAGACTGCAGGACCTAGGGCAGCAGGGAAGCTTATTTGGCCTGAGCCTTACCTGCAAAGGGCTCAAAGGTAGACTTTTGCTATTATATTCAAATTGCAACGTATAGATGCTCATATTTTGGAATTAATTACGTTTTAGCAGTTTTTCTTTTTTTAAAAAAATCTGCTGGTACCTTAATAAACATGGAACCAGCAACCTTTTGCCAGGTGTCTGTTCTCCGGGTCTCTGGGCCTGGAGGCGGGAGTGTTTCAAAGCACTTCACGCTCCGCGGCCCCACCGGCTGGCTGCGCTGCCCGCTGCGGCCGGCAGGGGTAGTCCACGGACAGGCCTGGAGGAGGCGGGACGAGATAAGAGGGGCAGGGCCGGGAACCTGGGCAAGCCAATAAAGGCTGCGGCGCGCGGCTGCGCGGGACTCGGCCTTCTGGGCGCGCGCGACGTCAGTTTGAGTTCTGTGTTCTCCCCGCCCGTGTCCCGCCCGACCCGCGCCCGCGATGCTGGCGCTGCGCTGCGGCTCCCGCTGGCTCGGCCTGCTCTCCGTCCCGCGCTCCGTGCCGCTGCGCCTCCCCGCGGCCCGCGCCTGCAGCAAGGGCTCCGGCGACCCGTCCTCTTCCTCCTCCTCCGGGAACCCGCTCGTGTACCTGGACGTGGACGCCAACGGGAAGCCGCTCGGCCGCGTGGTGCTGGAGGTGAGACCGCTCGCAGGGCCGGCCTGGGCGCGGGACACGGGCCCGGGGAGAGCCCTGGGCCCCGGGCGGCGCGGTGCCGGGCGCGCTGGGTGACCTTGGGCCTCCCCATGCCGAGCTCTGGGCCTCAGTTTCCCCATTTCTGAGAATGGGCGTCAGAATGATTTCTTCCGGCCTCCCTCGGAGCACTGGAGCGGGGGAGACGGGAGGGAGGGCACGTGTGGAGGAGAAAGCTCAAGGTCAGATCGCAGAGAGGGAGGGCTCAGCACCTCTGGGCCGGCCCGGGCACGAGGGAGGGGCTCCAGGAGCCTTCTGGGGCTGAGCCTAGATCCGGAGCTCCGAGGTGGGTGTCGGGGGTCTTGGGGTGAGCGTCGTGGCCCAGCGGGTGCTCACGTGGCGGCCCTTGCACAACACGGAGCGCTTCCTGGCTCCGGCCCCGCCCCTGCGGTCGGGCTCACACTGGGGGTGCTGGGAAATGGAGCGAGAGGTGGTTTCCAGCAGTAGTGCGGGCCCAGTAGGCCTCAGGCCCCGGCCACCTGGTGGACCCCAGAATGCCCCTCCTGCGAGTCGGGACACACTCAGAGACAGTGTGCCCGGCGCCTCAACCCCTGCCACTGTCCTTGGGGGCCACACTGAGCACCTCCCCTAACTCTGTTTTTGGGTCTTTTCTAAAGCAAAGTAAGAAACAGTCACCAGGGTAGCTTTAGAGGGAAAGCCCTAGTG,0.06988239288330078
8.0,MYC,Consensus_Motif,CCACGTGC,chr10:81107166-81107167,GCCTGGAGGAGGCGGGACGG,chr10:81107148-81107167,AGATGCCCACAGGCACAGTACTTAGTTGACAAATCCATGTCTCTCTCGTTCATTTTATCCTAAGAACAGACACGAGAAAAAAGCAGGATGAGGAGCATGATCGCACCCTTACCCTCCAGATGGGAAACTGAGGCCCAGAGAGGCCTGGAGCACTGGTGCAAGCTGGTAGCAATACTCCAGGGCTCCCTAGCCCTAGCCAGTGCCTTCCTGTGTCCAGGCCTCAGCTTCCCCTGGGGACAGTACAAGTGTTGGGCCAGATGCTCTCTCAGGTCCCTGCGTGGCATCCATTTATTGCAGACCTCCCACCACCTTGCAGTGAGGGTGGCTCTGGCTGCTGGGAAGCCCACTTTCAGCACGTGGGGTTTAAATGCTCCTGCTGTGGGTCTCCCCACTGAGTCCCCTCCCAGGGTGCATGCTGATGGGAGGGGGCAGCTGGCAGTCTGCCCCGGGGCTGTCAGTGTGGGTCCTAGGAGGAGGGATCAGACCCAGTCCTGGGGAGGGCTGGGGGCCTGAAAGGAGCATGATGAGCCCAGGCTGCGTTTTCAGTCTTGCTAGAAGCAGGTCTGGTCCCCAGAAACAACTAGAGACAGGCCCAGGCCGGGACAAGCAGGCTAGGGGGCATCATGGGAGGTGTCTCAGCTTATCTCCTCCCTCTTGCGCCTCTAGCTCACTAATCCCGCCTCTCATCTCACCTTTCTCTAACCCTCTCAGACTGCAGGACCTAGGGCAGCAGGGAAGCTTATTTGGCCTGAGCCTTACCTGCAAAGGGCTCAAAGGTAGACTTTTGCTATTATATTCAAATTGCAACGTATAGATGCTCATATTTTGGAATTAATTACGTTTTAGCAGTTTTTCTTTTTTTAAAAAAATCTGCTGGTACCTTAATAAACATGGAACCAGCAACCTTTTGCCAGGTGTCTGTTCTCCGGGTCTCTGGGCCTGGAGGCGGGAGTGTTTCAAAGCACTTCACGCTCCGCGGCCCCACCGGCTGGCTGCGCTGCCCGCTGCGGCCGGCAGGGGTAGTCCACGGACAGGCCTGGAGGAGGCGGGACGCCACGTGCGGGGCAGGGCCGGGAACCTGGGCAAGCCAATAAAGGCTGCGGCGCGCGGCTGCGCGGGACTCGGCCTTCTGGGCGCGCGCGACGTCAGTTTGAGTTCTGTGTTCTCCCCGCCCGTGTCCCGCCCGACCCGCGCCCGCGATGCTGGCGCTGCGCTGCGGCTCCCGCTGGCTCGGCCTGCTCTCCGTCCCGCGCTCCGTGCCGCTGCGCCTCCCCGCGGCCCGCGCCTGCAGCAAGGGCTCCGGCGACCCGTCCTCTTCCTCCTCCTCCGGGAACCCGCTCGTGTACCTGGACGTGGACGCCAACGGGAAGCCGCTCGGCCGCGTGGTGCTGGAGGTGAGACCGCTCGCAGGGCCGGCCTGGGCGCGGGACACGGGCCCGGGGAGAGCCCTGGGCCCCGGGCGGCGCGGTGCCGGGCGCGCTGGGTGACCTTGGGCCTCCCCATGCCGAGCTCTGGGCCTCAGTTTCCCCATTTCTGAGAATGGGCGTCAGAATGATTTCTTCCGGCCTCCCTCGGAGCACTGGAGCGGGGGAGACGGGAGGGAGGGCACGTGTGGAGGAGAAAGCTCAAGGTCAGATCGCAGAGAGGGAGGGCTCAGCACCTCTGGGCCGGCCCGGGCACGAGGGAGGGGCTCCAGGAGCCTTCTGGGGCTGAGCCTAGATCCGGAGCTCCGAGGTGGGTGTCGGGGGTCTTGGGGTGAGCGTCGTGGCCCAGCGGGTGCTCACGTGGCGGCCCTTGCACAACACGGAGCGCTTCCTGGCTCCGGCCCCGCCCCTGCGGTCGGGCTCACACTGGGGGTGCTGGGAAATGGAGCGAGAGGTGGTTTCCAGCAGTAGTGCGGGCCCAGTAGGCCTCAGGCCCCGGCCACCTGGTGGACCCCAGAATGCCCCTCCTGCGAGTCGGGACACACTCAGAGACAGTGTGCCCGGCGCCTCAACCCCTGCCACTGTCCTTGGGGGCCACACTGAGCACCTCCCCTAACTCTGTTTTTGGGTCTTTTCTAAAGCAAAGTAAGAAACAGTCACCAGGGTAGCTTTAGAGGGAAAGCCCTAGTG,0.08434772491455078
9.0,FOSJUN,Consensus_Motif,TGAGTCAT,chr10:81107166-81107167,GCCTGGAGGAGGCGGGACGG,chr10:81107148-81107167,AGATGCCCACAGGCACAGTACTTAGTTGACAAATCCATGTCTCTCTCGTTCATTTTATCCTAAGAACAGACACGAGAAAAAAGCAGGATGAGGAGCATGATCGCACCCTTACCCTCCAGATGGGAAACTGAGGCCCAGAGAGGCCTGGAGCACTGGTGCAAGCTGGTAGCAATACTCCAGGGCTCCCTAGCCCTAGCCAGTGCCTTCCTGTGTCCAGGCCTCAGCTTCCCCTGGGGACAGTACAAGTGTTGGGCCAGATGCTCTCTCAGGTCCCTGCGTGGCATCCATTTATTGCAGACCTCCCACCACCTTGCAGTGAGGGTGGCTCTGGCTGCTGGGAAGCCCACTTTCAGCACGTGGGGTTTAAATGCTCCTGCTGTGGGTCTCCCCACTGAGTCCCCTCCCAGGGTGCATGCTGATGGGAGGGGGCAGCTGGCAGTCTGCCCCGGGGCTGTCAGTGTGGGTCCTAGGAGGAGGGATCAGACCCAGTCCTGGGGAGGGCTGGGGGCCTGAAAGGAGCATGATGAGCCCAGGCTGCGTTTTCAGTCTTGCTAGAAGCAGGTCTGGTCCCCAGAAACAACTAGAGACAGGCCCAGGCCGGGACAAGCAGGCTAGGGGGCATCATGGGAGGTGTCTCAGCTTATCTCCTCCCTCTTGCGCCTCTAGCTCACTAATCCCGCCTCTCATCTCACCTTTCTCTAACCCTCTCAGACTGCAGGACCTAGGGCAGCAGGGAAGCTTATTTGGCCTGAGCCTTACCTGCAAAGGGCTCAAAGGTAGACTTTTGCTATTATATTCAAATTGCAACGTATAGATGCTCATATTTTGGAATTAATTACGTTTTAGCAGTTTTTCTTTTTTTAAAAAAATCTGCTGGTACCTTAATAAACATGGAACCAGCAACCTTTTGCCAGGTGTCTGTTCTCCGGGTCTCTGGGCCTGGAGGCGGGAGTGTTTCAAAGCACTTCACGCTCCGCGGCCCCACCGGCTGGCTGCGCTGCCCGCTGCGGCCGGCAGGGGTAGTCCACGGACAGGCCTGGAGGAGGCGGGACGTGAGTCATGGGGCAGGGCCGGGAACCTGGGCAAGCCAATAAAGGCTGCGGCGCGCGGCTGCGCGGGACTCGGCCTTCTGGGCGCGCGCGACGTCAGTTTGAGTTCTGTGTTCTCCCCGCCCGTGTCCCGCCCGACCCGCGCCCGCGATGCTGGCGCTGCGCTGCGGCTCCCGCTGGCTCGGCCTGCTCTCCGTCCCGCGCTCCGTGCCGCTGCGCCTCCCCGCGGCCCGCGCCTGCAGCAAGGGCTCCGGCGACCCGTCCTCTTCCTCCTCCTCCGGGAACCCGCTCGTGTACCTGGACGTGGACGCCAACGGGAAGCCGCTCGGCCGCGTGGTGCTGGAGGTGAGACCGCTCGCAGGGCCGGCCTGGGCGCGGGACACGGGCCCGGGGAGAGCCCTGGGCCCCGGGCGGCGCGGTGCCGGGCGCGCTGGGTGACCTTGGGCCTCCCCATGCCGAGCTCTGGGCCTCAGTTTCCCCATTTCTGAGAATGGGCGTCAGAATGATTTCTTCCGGCCTCCCTCGGAGCACTGGAGCGGGGGAGACGGGAGGGAGGGCACGTGTGGAGGAGAAAGCTCAAGGTCAGATCGCAGAGAGGGAGGGCTCAGCACCTCTGGGCCGGCCCGGGCACGAGGGAGGGGCTCCAGGAGCCTTCTGGGGCTGAGCCTAGATCCGGAGCTCCGAGGTGGGTGTCGGGGGTCTTGGGGTGAGCGTCGTGGCCCAGCGGGTGCTCACGTGGCGGCCCTTGCACAACACGGAGCGCTTCCTGGCTCCGGCCCCGCCCCTGCGGTCGGGCTCACACTGGGGGTGCTGGGAAATGGAGCGAGAGGTGGTTTCCAGCAGTAGTGCGGGCCCAGTAGGCCTCAGGCCCCGGCCACCTGGTGGACCCCAGAATGCCCCTCCTGCGAGTCGGGACACACTCAGAGACAGTGTGCCCGGCGCCTCAACCCCTGCCACTGTCCTTGGGGGCCACACTGAGCACCTCCCCTAACTCTGTTTTTGGGTCTTTTCTAAAGCAAAGTAAGAAACAGTCACCAGGGTAGCTTTAGAGGGAAAGCCCTAGTG,0.2633800506591797
10.0,ZBTB11,Consensus_Motif,CCGGAAGT,chr10:81107166-81107167,GCCTGGAGGAGGCGGGACGG,chr10:81107148-81107167,AGATGCCCACAGGCACAGTACTTAGTTGACAAATCCATGTCTCTCTCGTTCATTTTATCCTAAGAACAGACACGAGAAAAAAGCAGGATGAGGAGCATGATCGCACCCTTACCCTCCAGATGGGAAACTGAGGCCCAGAGAGGCCTGGAGCACTGGTGCAAGCTGGTAGCAATACTCCAGGGCTCCCTAGCCCTAGCCAGTGCCTTCCTGTGTCCAGGCCTCAGCTTCCCCTGGGGACAGTACAAGTGTTGGGCCAGATGCTCTCTCAGGTCCCTGCGTGGCATCCATTTATTGCAGACCTCCCACCACCTTGCAGTGAGGGTGGCTCTGGCTGCTGGGAAGCCCACTTTCAGCACGTGGGGTTTAAATGCTCCTGCTGTGGGTCTCCCCACTGAGTCCCCTCCCAGGGTGCATGCTGATGGGAGGGGGCAGCTGGCAGTCTGCCCCGGGGCTGTCAGTGTGGGTCCTAGGAGGAGGGATCAGACCCAGTCCTGGGGAGGGCTGGGGGCCTGAAAGGAGCATGATGAGCCCAGGCTGCGTTTTCAGTCTTGCTAGAAGCAGGTCTGGTCCCCAGAAACAACTAGAGACAGGCCCAGGCCGGGACAAGCAGGCTAGGGGGCATCATGGGAGGTGTCTCAGCTTATCTCCTCCCTCTTGCGCCTCTAGCTCACTAATCCCGCCTCTCATCTCACCTTTCTCTAACCCTCTCAGACTGCAGGACCTAGGGCAGCAGGGAAGCTTATTTGGCCTGAGCCTTACCTGCAAAGGGCTCAAAGGTAGACTTTTGCTATTATATTCAAATTGCAACGTATAGATGCTCATATTTTGGAATTAATTACGTTTTAGCAGTTTTTCTTTTTTTAAAAAAATCTGCTGGTACCTTAATAAACATGGAACCAGCAACCTTTTGCCAGGTGTCTGTTCTCCGGGTCTCTGGGCCTGGAGGCGGGAGTGTTTCAAAGCACTTCACGCTCCGCGGCCCCACCGGCTGGCTGCGCTGCCCGCTGCGGCCGGCAGGGGTAGTCCACGGACAGGCCTGGAGGAGGCGGGACGCCGGAAGTGGGGCAGGGCCGGGAACCTGGGCAAGCCAATAAAGGCTGCGGCGCGCGGCTGCGCGGGACTCGGCCTTCTGGGCGCGCGCGACGTCAGTTTGAGTTCTGTGTTCTCCCCGCCCGTGTCCCGCCCGACCCGCGCCCGCGATGCTGGCGCTGCGCTGCGGCTCCCGCTGGCTCGGCCTGCTCTCCGTCCCGCGCTCCGTGCCGCTGCGCCTCCCCGCGGCCCGCGCCTGCAGCAAGGGCTCCGGCGACCCGTCCTCTTCCTCCTCCTCCGGGAACCCGCTCGTGTACCTGGACGTGGACGCCAACGGGAAGCCGCTCGGCCGCGTGGTGCTGGAGGTGAGACCGCTCGCAGGGCCGGCCTGGGCGCGGGACACGGGCCCGGGGAGAGCCCTGGGCCCCGGGCGGCGCGGTGCCGGGCGCGCTGGGTGACCTTGGGCCTCCCCATGCCGAGCTCTGGGCCTCAGTTTCCCCATTTCTGAGAATGGGCGTCAGAATGATTTCTTCCGGCCTCCCTCGGAGCACTGGAGCGGGGGAGACGGGAGGGAGGGCACGTGTGGAGGAGAAAGCTCAAGGTCAGATCGCAGAGAGGGAGGGCTCAGCACCTCTGGGCCGGCCCGGGCACGAGGGAGGGGCTCCAGGAGCCTTCTGGGGCTGAGCCTAGATCCGGAGCTCCGAGGTGGGTGTCGGGGGTCTTGGGGTGAGCGTCGTGGCCCAGCGGGTGCTCACGTGGCGGCCCTTGCACAACACGGAGCGCTTCCTGGCTCCGGCCCCGCCCCTGCGGTCGGGCTCACACTGGGGGTGCTGGGAAATGGAGCGAGAGGTGGTTTCCAGCAGTAGTGCGGGCCCAGTAGGCCTCAGGCCCCGGCCACCTGGTGGACCCCAGAATGCCCCTCCTGCGAGTCGGGACACACTCAGAGACAGTGTGCCCGGCGCCTCAACCCCTGCCACTGTCCTTGGGGGCCACACTGAGCACCTCCCCTAACTCTGTTTTTGGGTCTTTTCTAAAGCAAAGTAAGAAACAGTCACCAGGGTAGCTTTAGAGGGAAAGCCCTAGTG,0.2798032760620117
11.0,REST,Consensus_Motif,ACCATGGA,chr10:81107166-81107167,GCCTGGAGGAGGCGGGACGG,chr10:81107148-81107167,AGATGCCCACAGGCACAGTACTTAGTTGACAAATCCATGTCTCTCTCGTTCATTTTATCCTAAGAACAGACACGAGAAAAAAGCAGGATGAGGAGCATGATCGCACCCTTACCCTCCAGATGGGAAACTGAGGCCCAGAGAGGCCTGGAGCACTGGTGCAAGCTGGTAGCAATACTCCAGGGCTCCCTAGCCCTAGCCAGTGCCTTCCTGTGTCCAGGCCTCAGCTTCCCCTGGGGACAGTACAAGTGTTGGGCCAGATGCTCTCTCAGGTCCCTGCGTGGCATCCATTTATTGCAGACCTCCCACCACCTTGCAGTGAGGGTGGCTCTGGCTGCTGGGAAGCCCACTTTCAGCACGTGGGGTTTAAATGCTCCTGCTGTGGGTCTCCCCACTGAGTCCCCTCCCAGGGTGCATGCTGATGGGAGGGGGCAGCTGGCAGTCTGCCCCGGGGCTGTCAGTGTGGGTCCTAGGAGGAGGGATCAGACCCAGTCCTGGGGAGGGCTGGGGGCCTGAAAGGAGCATGATGAGCCCAGGCTGCGTTTTCAGTCTTGCTAGAAGCAGGTCTGGTCCCCAGAAACAACTAGAGACAGGCCCAGGCCGGGACAAGCAGGCTAGGGGGCATCATGGGAGGTGTCTCAGCTTATCTCCTCCCTCTTGCGCCTCTAGCTCACTAATCCCGCCTCTCATCTCACCTTTCTCTAACCCTCTCAGACTGCAGGACCTAGGGCAGCAGGGAAGCTTATTTGGCCTGAGCCTTACCTGCAAAGGGCTCAAAGGTAGACTTTTGCTATTATATTCAAATTGCAACGTATAGATGCTCATATTTTGGAATTAATTACGTTTTAGCAGTTTTTCTTTTTTTAAAAAAATCTGCTGGTACCTTAATAAACATGGAACCAGCAACCTTTTGCCAGGTGTCTGTTCTCCGGGTCTCTGGGCCTGGAGGCGGGAGTGTTTCAAAGCACTTCACGCTCCGCGGCCCCACCGGCTGGCTGCGCTGCCCGCTGCGGCCGGCAGGGGTAGTCCACGGACAGGCCTGGAGGAGGCGGGACGACCATGGAGGGGCAGGGCCGGGAACCTGGGCAAGCCAATAAAGGCTGCGGCGCGCGGCTGCGCGGGACTCGGCCTTCTGGGCGCGCGCGACGTCAGTTTGAGTTCTGTGTTCTCCCCGCCCGTGTCCCGCCCGACCCGCGCCCGCGATGCTGGCGCTGCGCTGCGGCTCCCGCTGGCTCGGCCTGCTCTCCGTCCCGCGCTCCGTGCCGCTGCGCCTCCCCGCGGCCCGCGCCTGCAGCAAGGGCTCCGGCGACCCGTCCTCTTCCTCCTCCTCCGGGAACCCGCTCGTGTACCTGGACGTGGACGCCAACGGGAAGCCGCTCGGCCGCGTGGTGCTGGAGGTGAGACCGCTCGCAGGGCCGGCCTGGGCGCGGGACACGGGCCCGGGGAGAGCCCTGGGCCCCGGGCGGCGCGGTGCCGGGCGCGCTGGGTGACCTTGGGCCTCCCCATGCCGAGCTCTGGGCCTCAGTTTCCCCATTTCTGAGAATGGGCGTCAGAATGATTTCTTCCGGCCTCCCTCGGAGCACTGGAGCGGGGGAGACGGGAGGGAGGGCACGTGTGGAGGAGAAAGCTCAAGGTCAGATCGCAGAGAGGGAGGGCTCAGCACCTCTGGGCCGGCCCGGGCACGAGGGAGGGGCTCCAGGAGCCTTCTGGGGCTGAGCCTAGATCCGGAGCTCCGAGGTGGGTGTCGGGGGTCTTGGGGTGAGCGTCGTGGCCCAGCGGGTGCTCACGTGGCGGCCCTTGCACAACACGGAGCGCTTCCTGGCTCCGGCCCCGCCCCTGCGGTCGGGCTCACACTGGGGGTGCTGGGAAATGGAGCGAGAGGTGGTTTCCAGCAGTAGTGCGGGCCCAGTAGGCCTCAGGCCCCGGCCACCTGGTGGACCCCAGAATGCCCCTCCTGCGAGTCGGGACACACTCAGAGACAGTGTGCCCGGCGCCTCAACCCCTGCCACTGTCCTTGGGGGCCACACTGAGCACCTCCCCTAACTCTGTTTTTGGGTCTTTTCTAAAGCAAAGTAAGAAACAGTCACCAGGGTAGCTTTAGAGGGAAAGCCCTAGTG,-0.011981487274169922
12.0,YY1swap,Dinucleotide_Swap_Ctl,AAGTAGGC,chr10:81107166-81107167,GCCTGGAGGAGGCGGGACGG,chr10:81107148-81107167,AGATGCCCACAGGCACAGTACTTAGTTGACAAATCCATGTCTCTCTCGTTCATTTTATCCTAAGAACAGACACGAGAAAAAAGCAGGATGAGGAGCATGATCGCACCCTTACCCTCCAGATGGGAAACTGAGGCCCAGAGAGGCCTGGAGCACTGGTGCAAGCTGGTAGCAATACTCCAGGGCTCCCTAGCCCTAGCCAGTGCCTTCCTGTGTCCAGGCCTCAGCTTCCCCTGGGGACAGTACAAGTGTTGGGCCAGATGCTCTCTCAGGTCCCTGCGTGGCATCCATTTATTGCAGACCTCCCACCACCTTGCAGTGAGGGTGGCTCTGGCTGCTGGGAAGCCCACTTTCAGCACGTGGGGTTTAAATGCTCCTGCTGTGGGTCTCCCCACTGAGTCCCCTCCCAGGGTGCATGCTGATGGGAGGGGGCAGCTGGCAGTCTGCCCCGGGGCTGTCAGTGTGGGTCCTAGGAGGAGGGATCAGACCCAGTCCTGGGGAGGGCTGGGGGCCTGAAAGGAGCATGATGAGCCCAGGCTGCGTTTTCAGTCTTGCTAGAAGCAGGTCTGGTCCCCAGAAACAACTAGAGACAGGCCCAGGCCGGGACAAGCAGGCTAGGGGGCATCATGGGAGGTGTCTCAGCTTATCTCCTCCCTCTTGCGCCTCTAGCTCACTAATCCCGCCTCTCATCTCACCTTTCTCTAACCCTCTCAGACTGCAGGACCTAGGGCAGCAGGGAAGCTTATTTGGCCTGAGCCTTACCTGCAAAGGGCTCAAAGGTAGACTTTTGCTATTATATTCAAATTGCAACGTATAGATGCTCATATTTTGGAATTAATTACGTTTTAGCAGTTTTTCTTTTTTTAAAAAAATCTGCTGGTACCTTAATAAACATGGAACCAGCAACCTTTTGCCAGGTGTCTGTTCTCCGGGTCTCTGGGCCTGGAGGCGGGAGTGTTTCAAAGCACTTCACGCTCCGCGGCCCCACCGGCTGGCTGCGCTGCCCGCTGCGGCCGGCAGGGGTAGTCCACGGACAGGCCTGGAGGAGGCGGGACGAAGTAGGCGGGGCAGGGCCGGGAACCTGGGCAAGCCAATAAAGGCTGCGGCGCGCGGCTGCGCGGGACTCGGCCTTCTGGGCGCGCGCGACGTCAGTTTGAGTTCTGTGTTCTCCCCGCCCGTGTCCCGCCCGACCCGCGCCCGCGATGCTGGCGCTGCGCTGCGGCTCCCGCTGGCTCGGCCTGCTCTCCGTCCCGCGCTCCGTGCCGCTGCGCCTCCCCGCGGCCCGCGCCTGCAGCAAGGGCTCCGGCGACCCGTCCTCTTCCTCCTCCTCCGGGAACCCGCTCGTGTACCTGGACGTGGACGCCAACGGGAAGCCGCTCGGCCGCGTGGTGCTGGAGGTGAGACCGCTCGCAGGGCCGGCCTGGGCGCGGGACACGGGCCCGGGGAGAGCCCTGGGCCCCGGGCGGCGCGGTGCCGGGCGCGCTGGGTGACCTTGGGCCTCCCCATGCCGAGCTCTGGGCCTCAGTTTCCCCATTTCTGAGAATGGGCGTCAGAATGATTTCTTCCGGCCTCCCTCGGAGCACTGGAGCGGGGGAGACGGGAGGGAGGGCACGTGTGGAGGAGAAAGCTCAAGGTCAGATCGCAGAGAGGGAGGGCTCAGCACCTCTGGGCCGGCCCGGGCACGAGGGAGGGGCTCCAGGAGCCTTCTGGGGCTGAGCCTAGATCCGGAGCTCCGAGGTGGGTGTCGGGGGTCTTGGGGTGAGCGTCGTGGCCCAGCGGGTGCTCACGTGGCGGCCCTTGCACAACACGGAGCGCTTCCTGGCTCCGGCCCCGCCCCTGCGGTCGGGCTCACACTGGGGGTGCTGGGAAATGGAGCGAGAGGTGGTTTCCAGCAGTAGTGCGGGCCCAGTAGGCCTCAGGCCCCGGCCACCTGGTGGACCCCAGAATGCCCCTCCTGCGAGTCGGGACACACTCAGAGACAGTGTGCCCGGCGCCTCAACCCCTGCCACTGTCCTTGGGGGCCACACTGAGCACCTCCCCTAACTCTGTTTTTGGGTCTTTTCTAAAGCAAAGTAAGAAACAGTCACCAGGGTAGCTTTAGAGGGAAAGCCCTAGTG,0.25671863555908203
13.0,GABPAswap,Dinucleotide_Swap_Ctl,ACCGCTAG,chr10:81107166-81107167,GCCTGGAGGAGGCGGGACGG,chr10:81107148-81107167,AGATGCCCACAGGCACAGTACTTAGTTGACAAATCCATGTCTCTCTCGTTCATTTTATCCTAAGAACAGACACGAGAAAAAAGCAGGATGAGGAGCATGATCGCACCCTTACCCTCCAGATGGGAAACTGAGGCCCAGAGAGGCCTGGAGCACTGGTGCAAGCTGGTAGCAATACTCCAGGGCTCCCTAGCCCTAGCCAGTGCCTTCCTGTGTCCAGGCCTCAGCTTCCCCTGGGGACAGTACAAGTGTTGGGCCAGATGCTCTCTCAGGTCCCTGCGTGGCATCCATTTATTGCAGACCTCCCACCACCTTGCAGTGAGGGTGGCTCTGGCTGCTGGGAAGCCCACTTTCAGCACGTGGGGTTTAAATGCTCCTGCTGTGGGTCTCCCCACTGAGTCCCCTCCCAGGGTGCATGCTGATGGGAGGGGGCAGCTGGCAGTCTGCCCCGGGGCTGTCAGTGTGGGTCCTAGGAGGAGGGATCAGACCCAGTCCTGGGGAGGGCTGGGGGCCTGAAAGGAGCATGATGAGCCCAGGCTGCGTTTTCAGTCTTGCTAGAAGCAGGTCTGGTCCCCAGAAACAACTAGAGACAGGCCCAGGCCGGGACAAGCAGGCTAGGGGGCATCATGGGAGGTGTCTCAGCTTATCTCCTCCCTCTTGCGCCTCTAGCTCACTAATCCCGCCTCTCATCTCACCTTTCTCTAACCCTCTCAGACTGCAGGACCTAGGGCAGCAGGGAAGCTTATTTGGCCTGAGCCTTACCTGCAAAGGGCTCAAAGGTAGACTTTTGCTATTATATTCAAATTGCAACGTATAGATGCTCATATTTTGGAATTAATTACGTTTTAGCAGTTTTTCTTTTTTTAAAAAAATCTGCTGGTACCTTAATAAACATGGAACCAGCAACCTTTTGCCAGGTGTCTGTTCTCCGGGTCTCTGGGCCTGGAGGCGGGAGTGTTTCAAAGCACTTCACGCTCCGCGGCCCCACCGGCTGGCTGCGCTGCCCGCTGCGGCCGGCAGGGGTAGTCCACGGACAGGCCTGGAGGAGGCGGGACGACCGCTAGGGGGCAGGGCCGGGAACCTGGGCAAGCCAATAAAGGCTGCGGCGCGCGGCTGCGCGGGACTCGGCCTTCTGGGCGCGCGCGACGTCAGTTTGAGTTCTGTGTTCTCCCCGCCCGTGTCCCGCCCGACCCGCGCCCGCGATGCTGGCGCTGCGCTGCGGCTCCCGCTGGCTCGGCCTGCTCTCCGTCCCGCGCTCCGTGCCGCTGCGCCTCCCCGCGGCCCGCGCCTGCAGCAAGGGCTCCGGCGACCCGTCCTCTTCCTCCTCCTCCGGGAACCCGCTCGTGTACCTGGACGTGGACGCCAACGGGAAGCCGCTCGGCCGCGTGGTGCTGGAGGTGAGACCGCTCGCAGGGCCGGCCTGGGCGCGGGACACGGGCCCGGGGAGAGCCCTGGGCCCCGGGCGGCGCGGTGCCGGGCGCGCTGGGTGACCTTGGGCCTCCCCATGCCGAGCTCTGGGCCTCAGTTTCCCCATTTCTGAGAATGGGCGTCAGAATGATTTCTTCCGGCCTCCCTCGGAGCACTGGAGCGGGGGAGACGGGAGGGAGGGCACGTGTGGAGGAGAAAGCTCAAGGTCAGATCGCAGAGAGGGAGGGCTCAGCACCTCTGGGCCGGCCCGGGCACGAGGGAGGGGCTCCAGGAGCCTTCTGGGGCTGAGCCTAGATCCGGAGCTCCGAGGTGGGTGTCGGGGGTCTTGGGGTGAGCGTCGTGGCCCAGCGGGTGCTCACGTGGCGGCCCTTGCACAACACGGAGCGCTTCCTGGCTCCGGCCCCGCCCCTGCGGTCGGGCTCACACTGGGGGTGCTGGGAAATGGAGCGAGAGGTGGTTTCCAGCAGTAGTGCGGGCCCAGTAGGCCTCAGGCCCCGGCCACCTGGTGGACCCCAGAATGCCCCTCCTGCGAGTCGGGACACACTCAGAGACAGTGTGCCCGGCGCCTCAACCCCTGCCACTGTCCTTGGGGGCCACACTGAGCACCTCCCCTAACTCTGTTTTTGGGTCTTTTCTAAAGCAAAGTAAGAAACAGTCACCAGGGTAGCTTTAGAGGGAAAGCCCTAGTG,0.24291515350341797
14.0,ETS1swap,Dinucleotide_Swap_Ctl,CAGCTAGT,chr10:81107166-81107167,GCCTGGAGGAGGCGGGACGG,chr10:81107148-81107167,AGATGCCCACAGGCACAGTACTTAGTTGACAAATCCATGTCTCTCTCGTTCATTTTATCCTAAGAACAGACACGAGAAAAAAGCAGGATGAGGAGCATGATCGCACCCTTACCCTCCAGATGGGAAACTGAGGCCCAGAGAGGCCTGGAGCACTGGTGCAAGCTGGTAGCAATACTCCAGGGCTCCCTAGCCCTAGCCAGTGCCTTCCTGTGTCCAGGCCTCAGCTTCCCCTGGGGACAGTACAAGTGTTGGGCCAGATGCTCTCTCAGGTCCCTGCGTGGCATCCATTTATTGCAGACCTCCCACCACCTTGCAGTGAGGGTGGCTCTGGCTGCTGGGAAGCCCACTTTCAGCACGTGGGGTTTAAATGCTCCTGCTGTGGGTCTCCCCACTGAGTCCCCTCCCAGGGTGCATGCTGATGGGAGGGGGCAGCTGGCAGTCTGCCCCGGGGCTGTCAGTGTGGGTCCTAGGAGGAGGGATCAGACCCAGTCCTGGGGAGGGCTGGGGGCCTGAAAGGAGCATGATGAGCCCAGGCTGCGTTTTCAGTCTTGCTAGAAGCAGGTCTGGTCCCCAGAAACAACTAGAGACAGGCCCAGGCCGGGACAAGCAGGCTAGGGGGCATCATGGGAGGTGTCTCAGCTTATCTCCTCCCTCTTGCGCCTCTAGCTCACTAATCCCGCCTCTCATCTCACCTTTCTCTAACCCTCTCAGACTGCAGGACCTAGGGCAGCAGGGAAGCTTATTTGGCCTGAGCCTTACCTGCAAAGGGCTCAAAGGTAGACTTTTGCTATTATATTCAAATTGCAACGTATAGATGCTCATATTTTGGAATTAATTACGTTTTAGCAGTTTTTCTTTTTTTAAAAAAATCTGCTGGTACCTTAATAAACATGGAACCAGCAACCTTTTGCCAGGTGTCTGTTCTCCGGGTCTCTGGGCCTGGAGGCGGGAGTGTTTCAAAGCACTTCACGCTCCGCGGCCCCACCGGCTGGCTGCGCTGCCCGCTGCGGCCGGCAGGGGTAGTCCACGGACAGGCCTGGAGGAGGCGGGACGCAGCTAGTGGGGCAGGGCCGGGAACCTGGGCAAGCCAATAAAGGCTGCGGCGCGCGGCTGCGCGGGACTCGGCCTTCTGGGCGCGCGCGACGTCAGTTTGAGTTCTGTGTTCTCCCCGCCCGTGTCCCGCCCGACCCGCGCCCGCGATGCTGGCGCTGCGCTGCGGCTCCCGCTGGCTCGGCCTGCTCTCCGTCCCGCGCTCCGTGCCGCTGCGCCTCCCCGCGGCCCGCGCCTGCAGCAAGGGCTCCGGCGACCCGTCCTCTTCCTCCTCCTCCGGGAACCCGCTCGTGTACCTGGACGTGGACGCCAACGGGAAGCCGCTCGGCCGCGTGGTGCTGGAGGTGAGACCGCTCGCAGGGCCGGCCTGGGCGCGGGACACGGGCCCGGGGAGAGCCCTGGGCCCCGGGCGGCGCGGTGCCGGGCGCGCTGGGTGACCTTGGGCCTCCCCATGCCGAGCTCTGGGCCTCAGTTTCCCCATTTCTGAGAATGGGCGTCAGAATGATTTCTTCCGGCCTCCCTCGGAGCACTGGAGCGGGGGAGACGGGAGGGAGGGCACGTGTGGAGGAGAAAGCTCAAGGTCAGATCGCAGAGAGGGAGGGCTCAGCACCTCTGGGCCGGCCCGGGCACGAGGGAGGGGCTCCAGGAGCCTTCTGGGGCTGAGCCTAGATCCGGAGCTCCGAGGTGGGTGTCGGGGGTCTTGGGGTGAGCGTCGTGGCCCAGCGGGTGCTCACGTGGCGGCCCTTGCACAACACGGAGCGCTTCCTGGCTCCGGCCCCGCCCCTGCGGTCGGGCTCACACTGGGGGTGCTGGGAAATGGAGCGAGAGGTGGTTTCCAGCAGTAGTGCGGGCCCAGTAGGCCTCAGGCCCCGGCCACCTGGTGGACCCCAGAATGCCCCTCCTGCGAGTCGGGACACACTCAGAGACAGTGTGCCCGGCGCCTCAACCCCTGCCACTGTCCTTGGGGGCCACACTGAGCACCTCCCCTAACTCTGTTTTTGGGTCTTTTCTAAAGCAAAGTAAGAAACAGTCACCAGGGTAGCTTTAGAGGGAAAGCCCTAGTG,0.0966339111328125
15.0,NFYswap,Dinucleotide_Swap_Ctl,CCTTTCAG,chr10:81107166-81107167,GCCTGGAGGAGGCGGGACGG,chr10:81107148-81107167,AGATGCCCACAGGCACAGTACTTAGTTGACAAATCCATGTCTCTCTCGTTCATTTTATCCTAAGAACAGACACGAGAAAAAAGCAGGATGAGGAGCATGATCGCACCCTTACCCTCCAGATGGGAAACTGAGGCCCAGAGAGGCCTGGAGCACTGGTGCAAGCTGGTAGCAATACTCCAGGGCTCCCTAGCCCTAGCCAGTGCCTTCCTGTGTCCAGGCCTCAGCTTCCCCTGGGGACAGTACAAGTGTTGGGCCAGATGCTCTCTCAGGTCCCTGCGTGGCATCCATTTATTGCAGACCTCCCACCACCTTGCAGTGAGGGTGGCTCTGGCTGCTGGGAAGCCCACTTTCAGCACGTGGGGTTTAAATGCTCCTGCTGTGGGTCTCCCCACTGAGTCCCCTCCCAGGGTGCATGCTGATGGGAGGGGGCAGCTGGCAGTCTGCCCCGGGGCTGTCAGTGTGGGTCCTAGGAGGAGGGATCAGACCCAGTCCTGGGGAGGGCTGGGGGCCTGAAAGGAGCATGATGAGCCCAGGCTGCGTTTTCAGTCTTGCTAGAAGCAGGTCTGGTCCCCAGAAACAACTAGAGACAGGCCCAGGCCGGGACAAGCAGGCTAGGGGGCATCATGGGAGGTGTCTCAGCTTATCTCCTCCCTCTTGCGCCTCTAGCTCACTAATCCCGCCTCTCATCTCACCTTTCTCTAACCCTCTCAGACTGCAGGACCTAGGGCAGCAGGGAAGCTTATTTGGCCTGAGCCTTACCTGCAAAGGGCTCAAAGGTAGACTTTTGCTATTATATTCAAATTGCAACGTATAGATGCTCATATTTTGGAATTAATTACGTTTTAGCAGTTTTTCTTTTTTTAAAAAAATCTGCTGGTACCTTAATAAACATGGAACCAGCAACCTTTTGCCAGGTGTCTGTTCTCCGGGTCTCTGGGCCTGGAGGCGGGAGTGTTTCAAAGCACTTCACGCTCCGCGGCCCCACCGGCTGGCTGCGCTGCCCGCTGCGGCCGGCAGGGGTAGTCCACGGACAGGCCTGGAGGAGGCGGGACGCCTTTCAGGGGGCAGGGCCGGGAACCTGGGCAAGCCAATAAAGGCTGCGGCGCGCGGCTGCGCGGGACTCGGCCTTCTGGGCGCGCGCGACGTCAGTTTGAGTTCTGTGTTCTCCCCGCCCGTGTCCCGCCCGACCCGCGCCCGCGATGCTGGCGCTGCGCTGCGGCTCCCGCTGGCTCGGCCTGCTCTCCGTCCCGCGCTCCGTGCCGCTGCGCCTCCCCGCGGCCCGCGCCTGCAGCAAGGGCTCCGGCGACCCGTCCTCTTCCTCCTCCTCCGGGAACCCGCTCGTGTACCTGGACGTGGACGCCAACGGGAAGCCGCTCGGCCGCGTGGTGCTGGAGGTGAGACCGCTCGCAGGGCCGGCCTGGGCGCGGGACACGGGCCCGGGGAGAGCCCTGGGCCCCGGGCGGCGCGGTGCCGGGCGCGCTGGGTGACCTTGGGCCTCCCCATGCCGAGCTCTGGGCCTCAGTTTCCCCATTTCTGAGAATGGGCGTCAGAATGATTTCTTCCGGCCTCCCTCGGAGCACTGGAGCGGGGGAGACGGGAGGGAGGGCACGTGTGGAGGAGAAAGCTCAAGGTCAGATCGCAGAGAGGGAGGGCTCAGCACCTCTGGGCCGGCCCGGGCACGAGGGAGGGGCTCCAGGAGCCTTCTGGGGCTGAGCCTAGATCCGGAGCTCCGAGGTGGGTGTCGGGGGTCTTGGGGTGAGCGTCGTGGCCCAGCGGGTGCTCACGTGGCGGCCCTTGCACAACACGGAGCGCTTCCTGGCTCCGGCCCCGCCCCTGCGGTCGGGCTCACACTGGGGGTGCTGGGAAATGGAGCGAGAGGTGGTTTCCAGCAGTAGTGCGGGCCCAGTAGGCCTCAGGCCCCGGCCACCTGGTGGACCCCAGAATGCCCCTCCTGCGAGTCGGGACACACTCAGAGACAGTGTGCCCGGCGCCTCAACCCCTGCCACTGTCCTTGGGGGCCACACTGAGCACCTCCCCTAACTCTGTTTTTGGGTCTTTTCTAAAGCAAAGTAAGAAACAGTCACCAGGGTAGCTTTAGAGGGAAAGCCCTAGTG,0.04679679870605469
16.0,NRF1swap,Dinucleotide_Swap_Ctl,GCATATGC,chr10:81107166-81107167,GCCTGGAGGAGGCGGGACGG,chr10:81107148-81107167,AGATGCCCACAGGCACAGTACTTAGTTGACAAATCCATGTCTCTCTCGTTCATTTTATCCTAAGAACAGACACGAGAAAAAAGCAGGATGAGGAGCATGATCGCACCCTTACCCTCCAGATGGGAAACTGAGGCCCAGAGAGGCCTGGAGCACTGGTGCAAGCTGGTAGCAATACTCCAGGGCTCCCTAGCCCTAGCCAGTGCCTTCCTGTGTCCAGGCCTCAGCTTCCCCTGGGGACAGTACAAGTGTTGGGCCAGATGCTCTCTCAGGTCCCTGCGTGGCATCCATTTATTGCAGACCTCCCACCACCTTGCAGTGAGGGTGGCTCTGGCTGCTGGGAAGCCCACTTTCAGCACGTGGGGTTTAAATGCTCCTGCTGTGGGTCTCCCCACTGAGTCCCCTCCCAGGGTGCATGCTGATGGGAGGGGGCAGCTGGCAGTCTGCCCCGGGGCTGTCAGTGTGGGTCCTAGGAGGAGGGATCAGACCCAGTCCTGGGGAGGGCTGGGGGCCTGAAAGGAGCATGATGAGCCCAGGCTGCGTTTTCAGTCTTGCTAGAAGCAGGTCTGGTCCCCAGAAACAACTAGAGACAGGCCCAGGCCGGGACAAGCAGGCTAGGGGGCATCATGGGAGGTGTCTCAGCTTATCTCCTCCCTCTTGCGCCTCTAGCTCACTAATCCCGCCTCTCATCTCACCTTTCTCTAACCCTCTCAGACTGCAGGACCTAGGGCAGCAGGGAAGCTTATTTGGCCTGAGCCTTACCTGCAAAGGGCTCAAAGGTAGACTTTTGCTATTATATTCAAATTGCAACGTATAGATGCTCATATTTTGGAATTAATTACGTTTTAGCAGTTTTTCTTTTTTTAAAAAAATCTGCTGGTACCTTAATAAACATGGAACCAGCAACCTTTTGCCAGGTGTCTGTTCTCCGGGTCTCTGGGCCTGGAGGCGGGAGTGTTTCAAAGCACTTCACGCTCCGCGGCCCCACCGGCTGGCTGCGCTGCCCGCTGCGGCCGGCAGGGGTAGTCCACGGACAGGCCTGGAGGAGGCGGGACGGCATATGCGGGGCAGGGCCGGGAACCTGGGCAAGCCAATAAAGGCTGCGGCGCGCGGCTGCGCGGGACTCGGCCTTCTGGGCGCGCGCGACGTCAGTTTGAGTTCTGTGTTCTCCCCGCCCGTGTCCCGCCCGACCCGCGCCCGCGATGCTGGCGCTGCGCTGCGGCTCCCGCTGGCTCGGCCTGCTCTCCGTCCCGCGCTCCGTGCCGCTGCGCCTCCCCGCGGCCCGCGCCTGCAGCAAGGGCTCCGGCGACCCGTCCTCTTCCTCCTCCTCCGGGAACCCGCTCGTGTACCTGGACGTGGACGCCAACGGGAAGCCGCTCGGCCGCGTGGTGCTGGAGGTGAGACCGCTCGCAGGGCCGGCCTGGGCGCGGGACACGGGCCCGGGGAGAGCCCTGGGCCCCGGGCGGCGCGGTGCCGGGCGCGCTGGGTGACCTTGGGCCTCCCCATGCCGAGCTCTGGGCCTCAGTTTCCCCATTTCTGAGAATGGGCGTCAGAATGATTTCTTCCGGCCTCCCTCGGAGCACTGGAGCGGGGGAGACGGGAGGGAGGGCACGTGTGGAGGAGAAAGCTCAAGGTCAGATCGCAGAGAGGGAGGGCTCAGCACCTCTGGGCCGGCCCGGGCACGAGGGAGGGGCTCCAGGAGCCTTCTGGGGCTGAGCCTAGATCCGGAGCTCCGAGGTGGGTGTCGGGGGTCTTGGGGTGAGCGTCGTGGCCCAGCGGGTGCTCACGTGGCGGCCCTTGCACAACACGGAGCGCTTCCTGGCTCCGGCCCCGCCCCTGCGGTCGGGCTCACACTGGGGGTGCTGGGAAATGGAGCGAGAGGTGGTTTCCAGCAGTAGTGCGGGCCCAGTAGGCCTCAGGCCCCGGCCACCTGGTGGACCCCAGAATGCCCCTCCTGCGAGTCGGGACACACTCAGAGACAGTGTGCCCGGCGCCTCAACCCCTGCCACTGTCCTTGGGGGCCACACTGAGCACCTCCCCTAACTCTGTTTTTGGGTCTTTTCTAAAGCAAAGTAAGAAACAGTCACCAGGGTAGCTTTAGAGGGAAAGCCCTAGTG,0.040439605712890625
17.0,SPI1swap,Dinucleotide_Swap_Ctl,GAGCTAGT,chr10:81107166-81107167,GCCTGGAGGAGGCGGGACGG,chr10:81107148-81107167,AGATGCCCACAGGCACAGTACTTAGTTGACAAATCCATGTCTCTCTCGTTCATTTTATCCTAAGAACAGACACGAGAAAAAAGCAGGATGAGGAGCATGATCGCACCCTTACCCTCCAGATGGGAAACTGAGGCCCAGAGAGGCCTGGAGCACTGGTGCAAGCTGGTAGCAATACTCCAGGGCTCCCTAGCCCTAGCCAGTGCCTTCCTGTGTCCAGGCCTCAGCTTCCCCTGGGGACAGTACAAGTGTTGGGCCAGATGCTCTCTCAGGTCCCTGCGTGGCATCCATTTATTGCAGACCTCCCACCACCTTGCAGTGAGGGTGGCTCTGGCTGCTGGGAAGCCCACTTTCAGCACGTGGGGTTTAAATGCTCCTGCTGTGGGTCTCCCCACTGAGTCCCCTCCCAGGGTGCATGCTGATGGGAGGGGGCAGCTGGCAGTCTGCCCCGGGGCTGTCAGTGTGGGTCCTAGGAGGAGGGATCAGACCCAGTCCTGGGGAGGGCTGGGGGCCTGAAAGGAGCATGATGAGCCCAGGCTGCGTTTTCAGTCTTGCTAGAAGCAGGTCTGGTCCCCAGAAACAACTAGAGACAGGCCCAGGCCGGGACAAGCAGGCTAGGGGGCATCATGGGAGGTGTCTCAGCTTATCTCCTCCCTCTTGCGCCTCTAGCTCACTAATCCCGCCTCTCATCTCACCTTTCTCTAACCCTCTCAGACTGCAGGACCTAGGGCAGCAGGGAAGCTTATTTGGCCTGAGCCTTACCTGCAAAGGGCTCAAAGGTAGACTTTTGCTATTATATTCAAATTGCAACGTATAGATGCTCATATTTTGGAATTAATTACGTTTTAGCAGTTTTTCTTTTTTTAAAAAAATCTGCTGGTACCTTAATAAACATGGAACCAGCAACCTTTTGCCAGGTGTCTGTTCTCCGGGTCTCTGGGCCTGGAGGCGGGAGTGTTTCAAAGCACTTCACGCTCCGCGGCCCCACCGGCTGGCTGCGCTGCCCGCTGCGGCCGGCAGGGGTAGTCCACGGACAGGCCTGGAGGAGGCGGGACGGAGCTAGTGGGGCAGGGCCGGGAACCTGGGCAAGCCAATAAAGGCTGCGGCGCGCGGCTGCGCGGGACTCGGCCTTCTGGGCGCGCGCGACGTCAGTTTGAGTTCTGTGTTCTCCCCGCCCGTGTCCCGCCCGACCCGCGCCCGCGATGCTGGCGCTGCGCTGCGGCTCCCGCTGGCTCGGCCTGCTCTCCGTCCCGCGCTCCGTGCCGCTGCGCCTCCCCGCGGCCCGCGCCTGCAGCAAGGGCTCCGGCGACCCGTCCTCTTCCTCCTCCTCCGGGAACCCGCTCGTGTACCTGGACGTGGACGCCAACGGGAAGCCGCTCGGCCGCGTGGTGCTGGAGGTGAGACCGCTCGCAGGGCCGGCCTGGGCGCGGGACACGGGCCCGGGGAGAGCCCTGGGCCCCGGGCGGCGCGGTGCCGGGCGCGCTGGGTGACCTTGGGCCTCCCCATGCCGAGCTCTGGGCCTCAGTTTCCCCATTTCTGAGAATGGGCGTCAGAATGATTTCTTCCGGCCTCCCTCGGAGCACTGGAGCGGGGGAGACGGGAGGGAGGGCACGTGTGGAGGAGAAAGCTCAAGGTCAGATCGCAGAGAGGGAGGGCTCAGCACCTCTGGGCCGGCCCGGGCACGAGGGAGGGGCTCCAGGAGCCTTCTGGGGCTGAGCCTAGATCCGGAGCTCCGAGGTGGGTGTCGGGGGTCTTGGGGTGAGCGTCGTGGCCCAGCGGGTGCTCACGTGGCGGCCCTTGCACAACACGGAGCGCTTCCTGGCTCCGGCCCCGCCCCTGCGGTCGGGCTCACACTGGGGGTGCTGGGAAATGGAGCGAGAGGTGGTTTCCAGCAGTAGTGCGGGCCCAGTAGGCCTCAGGCCCCGGCCACCTGGTGGACCCCAGAATGCCCCTCCTGCGAGTCGGGACACACTCAGAGACAGTGTGCCCGGCGCCTCAACCCCTGCCACTGTCCTTGGGGGCCACACTGAGCACCTCCCCTAACTCTGTTTTTGGGTCTTTTCTAAAGCAAAGTAAGAAACAGTCACCAGGGTAGCTTTAGAGGGAAAGCCCTAGTG,0.12726211547851562
18.0,GATA3swap,Dinucleotide_Swap_Ctl,ACTTAAGA,chr10:81107166-81107167,GCCTGGAGGAGGCGGGACGG,chr10:81107148-81107167,AGATGCCCACAGGCACAGTACTTAGTTGACAAATCCATGTCTCTCTCGTTCATTTTATCCTAAGAACAGACACGAGAAAAAAGCAGGATGAGGAGCATGATCGCACCCTTACCCTCCAGATGGGAAACTGAGGCCCAGAGAGGCCTGGAGCACTGGTGCAAGCTGGTAGCAATACTCCAGGGCTCCCTAGCCCTAGCCAGTGCCTTCCTGTGTCCAGGCCTCAGCTTCCCCTGGGGACAGTACAAGTGTTGGGCCAGATGCTCTCTCAGGTCCCTGCGTGGCATCCATTTATTGCAGACCTCCCACCACCTTGCAGTGAGGGTGGCTCTGGCTGCTGGGAAGCCCACTTTCAGCACGTGGGGTTTAAATGCTCCTGCTGTGGGTCTCCCCACTGAGTCCCCTCCCAGGGTGCATGCTGATGGGAGGGGGCAGCTGGCAGTCTGCCCCGGGGCTGTCAGTGTGGGTCCTAGGAGGAGGGATCAGACCCAGTCCTGGGGAGGGCTGGGGGCCTGAAAGGAGCATGATGAGCCCAGGCTGCGTTTTCAGTCTTGCTAGAAGCAGGTCTGGTCCCCAGAAACAACTAGAGACAGGCCCAGGCCGGGACAAGCAGGCTAGGGGGCATCATGGGAGGTGTCTCAGCTTATCTCCTCCCTCTTGCGCCTCTAGCTCACTAATCCCGCCTCTCATCTCACCTTTCTCTAACCCTCTCAGACTGCAGGACCTAGGGCAGCAGGGAAGCTTATTTGGCCTGAGCCTTACCTGCAAAGGGCTCAAAGGTAGACTTTTGCTATTATATTCAAATTGCAACGTATAGATGCTCATATTTTGGAATTAATTACGTTTTAGCAGTTTTTCTTTTTTTAAAAAAATCTGCTGGTACCTTAATAAACATGGAACCAGCAACCTTTTGCCAGGTGTCTGTTCTCCGGGTCTCTGGGCCTGGAGGCGGGAGTGTTTCAAAGCACTTCACGCTCCGCGGCCCCACCGGCTGGCTGCGCTGCCCGCTGCGGCCGGCAGGGGTAGTCCACGGACAGGCCTGGAGGAGGCGGGACGACTTAAGAGGGGCAGGGCCGGGAACCTGGGCAAGCCAATAAAGGCTGCGGCGCGCGGCTGCGCGGGACTCGGCCTTCTGGGCGCGCGCGACGTCAGTTTGAGTTCTGTGTTCTCCCCGCCCGTGTCCCGCCCGACCCGCGCCCGCGATGCTGGCGCTGCGCTGCGGCTCCCGCTGGCTCGGCCTGCTCTCCGTCCCGCGCTCCGTGCCGCTGCGCCTCCCCGCGGCCCGCGCCTGCAGCAAGGGCTCCGGCGACCCGTCCTCTTCCTCCTCCTCCGGGAACCCGCTCGTGTACCTGGACGTGGACGCCAACGGGAAGCCGCTCGGCCGCGTGGTGCTGGAGGTGAGACCGCTCGCAGGGCCGGCCTGGGCGCGGGACACGGGCCCGGGGAGAGCCCTGGGCCCCGGGCGGCGCGGTGCCGGGCGCGCTGGGTGACCTTGGGCCTCCCCATGCCGAGCTCTGGGCCTCAGTTTCCCCATTTCTGAGAATGGGCGTCAGAATGATTTCTTCCGGCCTCCCTCGGAGCACTGGAGCGGGGGAGACGGGAGGGAGGGCACGTGTGGAGGAGAAAGCTCAAGGTCAGATCGCAGAGAGGGAGGGCTCAGCACCTCTGGGCCGGCCCGGGCACGAGGGAGGGGCTCCAGGAGCCTTCTGGGGCTGAGCCTAGATCCGGAGCTCCGAGGTGGGTGTCGGGGGTCTTGGGGTGAGCGTCGTGGCCCAGCGGGTGCTCACGTGGCGGCCCTTGCACAACACGGAGCGCTTCCTGGCTCCGGCCCCGCCCCTGCGGTCGGGCTCACACTGGGGGTGCTGGGAAATGGAGCGAGAGGTGGTTTCCAGCAGTAGTGCGGGCCCAGTAGGCCTCAGGCCCCGGCCACCTGGTGGACCCCAGAATGCCCCTCCTGCGAGTCGGGACACACTCAGAGACAGTGTGCCCGGCGCCTCAACCCCTGCCACTGTCCTTGGGGGCCACACTGAGCACCTCCCCTAACTCTGTTTTTGGGTCTTTTCTAAAGCAAAGTAAGAAACAGTCACCAGGGTAGCTTTAGAGGGAAAGCCCTAGTG,0.1617269515991211
19.0,MYCswap,Dinucleotide_Swap_Ctl,CCACCAGC,chr10:81107166-81107167,GCCTGGAGGAGGCGGGACGG,chr10:81107148-81107167,AGATGCCCACAGGCACAGTACTTAGTTGACAAATCCATGTCTCTCTCGTTCATTTTATCCTAAGAACAGACACGAGAAAAAAGCAGGATGAGGAGCATGATCGCACCCTTACCCTCCAGATGGGAAACTGAGGCCCAGAGAGGCCTGGAGCACTGGTGCAAGCTGGTAGCAATACTCCAGGGCTCCCTAGCCCTAGCCAGTGCCTTCCTGTGTCCAGGCCTCAGCTTCCCCTGGGGACAGTACAAGTGTTGGGCCAGATGCTCTCTCAGGTCCCTGCGTGGCATCCATTTATTGCAGACCTCCCACCACCTTGCAGTGAGGGTGGCTCTGGCTGCTGGGAAGCCCACTTTCAGCACGTGGGGTTTAAATGCTCCTGCTGTGGGTCTCCCCACTGAGTCCCCTCCCAGGGTGCATGCTGATGGGAGGGGGCAGCTGGCAGTCTGCCCCGGGGCTGTCAGTGTGGGTCCTAGGAGGAGGGATCAGACCCAGTCCTGGGGAGGGCTGGGGGCCTGAAAGGAGCATGATGAGCCCAGGCTGCGTTTTCAGTCTTGCTAGAAGCAGGTCTGGTCCCCAGAAACAACTAGAGACAGGCCCAGGCCGGGACAAGCAGGCTAGGGGGCATCATGGGAGGTGTCTCAGCTTATCTCCTCCCTCTTGCGCCTCTAGCTCACTAATCCCGCCTCTCATCTCACCTTTCTCTAACCCTCTCAGACTGCAGGACCTAGGGCAGCAGGGAAGCTTATTTGGCCTGAGCCTTACCTGCAAAGGGCTCAAAGGTAGACTTTTGCTATTATATTCAAATTGCAACGTATAGATGCTCATATTTTGGAATTAATTACGTTTTAGCAGTTTTTCTTTTTTTAAAAAAATCTGCTGGTACCTTAATAAACATGGAACCAGCAACCTTTTGCCAGGTGTCTGTTCTCCGGGTCTCTGGGCCTGGAGGCGGGAGTGTTTCAAAGCACTTCACGCTCCGCGGCCCCACCGGCTGGCTGCGCTGCCCGCTGCGGCCGGCAGGGGTAGTCCACGGACAGGCCTGGAGGAGGCGGGACGCCACCAGCGGGGCAGGGCCGGGAACCTGGGCAAGCCAATAAAGGCTGCGGCGCGCGGCTGCGCGGGACTCGGCCTTCTGGGCGCGCGCGACGTCAGTTTGAGTTCTGTGTTCTCCCCGCCCGTGTCCCGCCCGACCCGCGCCCGCGATGCTGGCGCTGCGCTGCGGCTCCCGCTGGCTCGGCCTGCTCTCCGTCCCGCGCTCCGTGCCGCTGCGCCTCCCCGCGGCCCGCGCCTGCAGCAAGGGCTCCGGCGACCCGTCCTCTTCCTCCTCCTCCGGGAACCCGCTCGTGTACCTGGACGTGGACGCCAACGGGAAGCCGCTCGGCCGCGTGGTGCTGGAGGTGAGACCGCTCGCAGGGCCGGCCTGGGCGCGGGACACGGGCCCGGGGAGAGCCCTGGGCCCCGGGCGGCGCGGTGCCGGGCGCGCTGGGTGACCTTGGGCCTCCCCATGCCGAGCTCTGGGCCTCAGTTTCCCCATTTCTGAGAATGGGCGTCAGAATGATTTCTTCCGGCCTCCCTCGGAGCACTGGAGCGGGGGAGACGGGAGGGAGGGCACGTGTGGAGGAGAAAGCTCAAGGTCAGATCGCAGAGAGGGAGGGCTCAGCACCTCTGGGCCGGCCCGGGCACGAGGGAGGGGCTCCAGGAGCCTTCTGGGGCTGAGCCTAGATCCGGAGCTCCGAGGTGGGTGTCGGGGGTCTTGGGGTGAGCGTCGTGGCCCAGCGGGTGCTCACGTGGCGGCCCTTGCACAACACGGAGCGCTTCCTGGCTCCGGCCCCGCCCCTGCGGTCGGGCTCACACTGGGGGTGCTGGGAAATGGAGCGAGAGGTGGTTTCCAGCAGTAGTGCGGGCCCAGTAGGCCTCAGGCCCCGGCCACCTGGTGGACCCCAGAATGCCCCTCCTGCGAGTCGGGACACACTCAGAGACAGTGTGCCCGGCGCCTCAACCCCTGCCACTGTCCTTGGGGGCCACACTGAGCACCTCCCCTAACTCTGTTTTTGGGTCTTTTCTAAAGCAAAGTAAGAAACAGTCACCAGGGTAGCTTTAGAGGGAAAGCCCTAGTG,0.04481029510498047
20.0,FOSJUNswap,Dinucleotide_Swap_Ctl,ACAGTCAT,chr10:81107166-81107167,GCCTGGAGGAGGCGGGACGG,chr10:81107148-81107167,AGATGCCCACAGGCACAGTACTTAGTTGACAAATCCATGTCTCTCTCGTTCATTTTATCCTAAGAACAGACACGAGAAAAAAGCAGGATGAGGAGCATGATCGCACCCTTACCCTCCAGATGGGAAACTGAGGCCCAGAGAGGCCTGGAGCACTGGTGCAAGCTGGTAGCAATACTCCAGGGCTCCCTAGCCCTAGCCAGTGCCTTCCTGTGTCCAGGCCTCAGCTTCCCCTGGGGACAGTACAAGTGTTGGGCCAGATGCTCTCTCAGGTCCCTGCGTGGCATCCATTTATTGCAGACCTCCCACCACCTTGCAGTGAGGGTGGCTCTGGCTGCTGGGAAGCCCACTTTCAGCACGTGGGGTTTAAATGCTCCTGCTGTGGGTCTCCCCACTGAGTCCCCTCCCAGGGTGCATGCTGATGGGAGGGGGCAGCTGGCAGTCTGCCCCGGGGCTGTCAGTGTGGGTCCTAGGAGGAGGGATCAGACCCAGTCCTGGGGAGGGCTGGGGGCCTGAAAGGAGCATGATGAGCCCAGGCTGCGTTTTCAGTCTTGCTAGAAGCAGGTCTGGTCCCCAGAAACAACTAGAGACAGGCCCAGGCCGGGACAAGCAGGCTAGGGGGCATCATGGGAGGTGTCTCAGCTTATCTCCTCCCTCTTGCGCCTCTAGCTCACTAATCCCGCCTCTCATCTCACCTTTCTCTAACCCTCTCAGACTGCAGGACCTAGGGCAGCAGGGAAGCTTATTTGGCCTGAGCCTTACCTGCAAAGGGCTCAAAGGTAGACTTTTGCTATTATATTCAAATTGCAACGTATAGATGCTCATATTTTGGAATTAATTACGTTTTAGCAGTTTTTCTTTTTTTAAAAAAATCTGCTGGTACCTTAATAAACATGGAACCAGCAACCTTTTGCCAGGTGTCTGTTCTCCGGGTCTCTGGGCCTGGAGGCGGGAGTGTTTCAAAGCACTTCACGCTCCGCGGCCCCACCGGCTGGCTGCGCTGCCCGCTGCGGCCGGCAGGGGTAGTCCACGGACAGGCCTGGAGGAGGCGGGACGACAGTCATGGGGCAGGGCCGGGAACCTGGGCAAGCCAATAAAGGCTGCGGCGCGCGGCTGCGCGGGACTCGGCCTTCTGGGCGCGCGCGACGTCAGTTTGAGTTCTGTGTTCTCCCCGCCCGTGTCCCGCCCGACCCGCGCCCGCGATGCTGGCGCTGCGCTGCGGCTCCCGCTGGCTCGGCCTGCTCTCCGTCCCGCGCTCCGTGCCGCTGCGCCTCCCCGCGGCCCGCGCCTGCAGCAAGGGCTCCGGCGACCCGTCCTCTTCCTCCTCCTCCGGGAACCCGCTCGTGTACCTGGACGTGGACGCCAACGGGAAGCCGCTCGGCCGCGTGGTGCTGGAGGTGAGACCGCTCGCAGGGCCGGCCTGGGCGCGGGACACGGGCCCGGGGAGAGCCCTGGGCCCCGGGCGGCGCGGTGCCGGGCGCGCTGGGTGACCTTGGGCCTCCCCATGCCGAGCTCTGGGCCTCAGTTTCCCCATTTCTGAGAATGGGCGTCAGAATGATTTCTTCCGGCCTCCCTCGGAGCACTGGAGCGGGGGAGACGGGAGGGAGGGCACGTGTGGAGGAGAAAGCTCAAGGTCAGATCGCAGAGAGGGAGGGCTCAGCACCTCTGGGCCGGCCCGGGCACGAGGGAGGGGCTCCAGGAGCCTTCTGGGGCTGAGCCTAGATCCGGAGCTCCGAGGTGGGTGTCGGGGGTCTTGGGGTGAGCGTCGTGGCCCAGCGGGTGCTCACGTGGCGGCCCTTGCACAACACGGAGCGCTTCCTGGCTCCGGCCCCGCCCCTGCGGTCGGGCTCACACTGGGGGTGCTGGGAAATGGAGCGAGAGGTGGTTTCCAGCAGTAGTGCGGGCCCAGTAGGCCTCAGGCCCCGGCCACCTGGTGGACCCCAGAATGCCCCTCCTGCGAGTCGGGACACACTCAGAGACAGTGTGCCCGGCGCCTCAACCCCTGCCACTGTCCTTGGGGGCCACACTGAGCACCTCCCCTAACTCTGTTTTTGGGTCTTTTCTAAAGCAAAGTAAGAAACAGTCACCAGGGTAGCTTTAGAGGGAAAGCCCTAGTG,0.07771968841552734
21.0,ZBTB11swap,Dinucleotide_Swap_Ctl,CCCCAAGT,chr10:81107166-81107167,GCCTGGAGGAGGCGGGACGG,chr10:81107148-81107167,AGATGCCCACAGGCACAGTACTTAGTTGACAAATCCATGTCTCTCTCGTTCATTTTATCCTAAGAACAGACACGAGAAAAAAGCAGGATGAGGAGCATGATCGCACCCTTACCCTCCAGATGGGAAACTGAGGCCCAGAGAGGCCTGGAGCACTGGTGCAAGCTGGTAGCAATACTCCAGGGCTCCCTAGCCCTAGCCAGTGCCTTCCTGTGTCCAGGCCTCAGCTTCCCCTGGGGACAGTACAAGTGTTGGGCCAGATGCTCTCTCAGGTCCCTGCGTGGCATCCATTTATTGCAGACCTCCCACCACCTTGCAGTGAGGGTGGCTCTGGCTGCTGGGAAGCCCACTTTCAGCACGTGGGGTTTAAATGCTCCTGCTGTGGGTCTCCCCACTGAGTCCCCTCCCAGGGTGCATGCTGATGGGAGGGGGCAGCTGGCAGTCTGCCCCGGGGCTGTCAGTGTGGGTCCTAGGAGGAGGGATCAGACCCAGTCCTGGGGAGGGCTGGGGGCCTGAAAGGAGCATGATGAGCCCAGGCTGCGTTTTCAGTCTTGCTAGAAGCAGGTCTGGTCCCCAGAAACAACTAGAGACAGGCCCAGGCCGGGACAAGCAGGCTAGGGGGCATCATGGGAGGTGTCTCAGCTTATCTCCTCCCTCTTGCGCCTCTAGCTCACTAATCCCGCCTCTCATCTCACCTTTCTCTAACCCTCTCAGACTGCAGGACCTAGGGCAGCAGGGAAGCTTATTTGGCCTGAGCCTTACCTGCAAAGGGCTCAAAGGTAGACTTTTGCTATTATATTCAAATTGCAACGTATAGATGCTCATATTTTGGAATTAATTACGTTTTAGCAGTTTTTCTTTTTTTAAAAAAATCTGCTGGTACCTTAATAAACATGGAACCAGCAACCTTTTGCCAGGTGTCTGTTCTCCGGGTCTCTGGGCCTGGAGGCGGGAGTGTTTCAAAGCACTTCACGCTCCGCGGCCCCACCGGCTGGCTGCGCTGCCCGCTGCGGCCGGCAGGGGTAGTCCACGGACAGGCCTGGAGGAGGCGGGACGCCCCAAGTGGGGCAGGGCCGGGAACCTGGGCAAGCCAATAAAGGCTGCGGCGCGCGGCTGCGCGGGACTCGGCCTTCTGGGCGCGCGCGACGTCAGTTTGAGTTCTGTGTTCTCCCCGCCCGTGTCCCGCCCGACCCGCGCCCGCGATGCTGGCGCTGCGCTGCGGCTCCCGCTGGCTCGGCCTGCTCTCCGTCCCGCGCTCCGTGCCGCTGCGCCTCCCCGCGGCCCGCGCCTGCAGCAAGGGCTCCGGCGACCCGTCCTCTTCCTCCTCCTCCGGGAACCCGCTCGTGTACCTGGACGTGGACGCCAACGGGAAGCCGCTCGGCCGCGTGGTGCTGGAGGTGAGACCGCTCGCAGGGCCGGCCTGGGCGCGGGACACGGGCCCGGGGAGAGCCCTGGGCCCCGGGCGGCGCGGTGCCGGGCGCGCTGGGTGACCTTGGGCCTCCCCATGCCGAGCTCTGGGCCTCAGTTTCCCCATTTCTGAGAATGGGCGTCAGAATGATTTCTTCCGGCCTCCCTCGGAGCACTGGAGCGGGGGAGACGGGAGGGAGGGCACGTGTGGAGGAGAAAGCTCAAGGTCAGATCGCAGAGAGGGAGGGCTCAGCACCTCTGGGCCGGCCCGGGCACGAGGGAGGGGCTCCAGGAGCCTTCTGGGGCTGAGCCTAGATCCGGAGCTCCGAGGTGGGTGTCGGGGGTCTTGGGGTGAGCGTCGTGGCCCAGCGGGTGCTCACGTGGCGGCCCTTGCACAACACGGAGCGCTTCCTGGCTCCGGCCCCGCCCCTGCGGTCGGGCTCACACTGGGGGTGCTGGGAAATGGAGCGAGAGGTGGTTTCCAGCAGTAGTGCGGGCCCAGTAGGCCTCAGGCCCCGGCCACCTGGTGGACCCCAGAATGCCCCTCCTGCGAGTCGGGACACACTCAGAGACAGTGTGCCCGGCGCCTCAACCCCTGCCACTGTCCTTGGGGGCCACACTGAGCACCTCCCCTAACTCTGTTTTTGGGTCTTTTCTAAAGCAAAGTAAGAAACAGTCACCAGGGTAGCTTTAGAGGGAAAGCCCTAGTG,-0.05664539337158203
22.0,RESTswap,Dinucleotide_Swap_Ctl,ACCATCCA,chr10:81107166-81107167,GCCTGGAGGAGGCGGGACGG,chr10:81107148-81107167,AGATGCCCACAGGCACAGTACTTAGTTGACAAATCCATGTCTCTCTCGTTCATTTTATCCTAAGAACAGACACGAGAAAAAAGCAGGATGAGGAGCATGATCGCACCCTTACCCTCCAGATGGGAAACTGAGGCCCAGAGAGGCCTGGAGCACTGGTGCAAGCTGGTAGCAATACTCCAGGGCTCCCTAGCCCTAGCCAGTGCCTTCCTGTGTCCAGGCCTCAGCTTCCCCTGGGGACAGTACAAGTGTTGGGCCAGATGCTCTCTCAGGTCCCTGCGTGGCATCCATTTATTGCAGACCTCCCACCACCTTGCAGTGAGGGTGGCTCTGGCTGCTGGGAAGCCCACTTTCAGCACGTGGGGTTTAAATGCTCCTGCTGTGGGTCTCCCCACTGAGTCCCCTCCCAGGGTGCATGCTGATGGGAGGGGGCAGCTGGCAGTCTGCCCCGGGGCTGTCAGTGTGGGTCCTAGGAGGAGGGATCAGACCCAGTCCTGGGGAGGGCTGGGGGCCTGAAAGGAGCATGATGAGCCCAGGCTGCGTTTTCAGTCTTGCTAGAAGCAGGTCTGGTCCCCAGAAACAACTAGAGACAGGCCCAGGCCGGGACAAGCAGGCTAGGGGGCATCATGGGAGGTGTCTCAGCTTATCTCCTCCCTCTTGCGCCTCTAGCTCACTAATCCCGCCTCTCATCTCACCTTTCTCTAACCCTCTCAGACTGCAGGACCTAGGGCAGCAGGGAAGCTTATTTGGCCTGAGCCTTACCTGCAAAGGGCTCAAAGGTAGACTTTTGCTATTATATTCAAATTGCAACGTATAGATGCTCATATTTTGGAATTAATTACGTTTTAGCAGTTTTTCTTTTTTTAAAAAAATCTGCTGGTACCTTAATAAACATGGAACCAGCAACCTTTTGCCAGGTGTCTGTTCTCCGGGTCTCTGGGCCTGGAGGCGGGAGTGTTTCAAAGCACTTCACGCTCCGCGGCCCCACCGGCTGGCTGCGCTGCCCGCTGCGGCCGGCAGGGGTAGTCCACGGACAGGCCTGGAGGAGGCGGGACGACCATCCAGGGGCAGGGCCGGGAACCTGGGCAAGCCAATAAAGGCTGCGGCGCGCGGCTGCGCGGGACTCGGCCTTCTGGGCGCGCGCGACGTCAGTTTGAGTTCTGTGTTCTCCCCGCCCGTGTCCCGCCCGACCCGCGCCCGCGATGCTGGCGCTGCGCTGCGGCTCCCGCTGGCTCGGCCTGCTCTCCGTCCCGCGCTCCGTGCCGCTGCGCCTCCCCGCGGCCCGCGCCTGCAGCAAGGGCTCCGGCGACCCGTCCTCTTCCTCCTCCTCCGGGAACCCGCTCGTGTACCTGGACGTGGACGCCAACGGGAAGCCGCTCGGCCGCGTGGTGCTGGAGGTGAGACCGCTCGCAGGGCCGGCCTGGGCGCGGGACACGGGCCCGGGGAGAGCCCTGGGCCCCGGGCGGCGCGGTGCCGGGCGCGCTGGGTGACCTTGGGCCTCCCCATGCCGAGCTCTGGGCCTCAGTTTCCCCATTTCTGAGAATGGGCGTCAGAATGATTTCTTCCGGCCTCCCTCGGAGCACTGGAGCGGGGGAGACGGGAGGGAGGGCACGTGTGGAGGAGAAAGCTCAAGGTCAGATCGCAGAGAGGGAGGGCTCAGCACCTCTGGGCCGGCCCGGGCACGAGGGAGGGGCTCCAGGAGCCTTCTGGGGCTGAGCCTAGATCCGGAGCTCCGAGGTGGGTGTCGGGGGTCTTGGGGTGAGCGTCGTGGCCCAGCGGGTGCTCACGTGGCGGCCCTTGCACAACACGGAGCGCTTCCTGGCTCCGGCCCCGCCCCTGCGGTCGGGCTCACACTGGGGGTGCTGGGAAATGGAGCGAGAGGTGGTTTCCAGCAGTAGTGCGGGCCCAGTAGGCCTCAGGCCCCGGCCACCTGGTGGACCCCAGAATGCCCCTCCTGCGAGTCGGGACACACTCAGAGACAGTGTGCCCGGCGCCTCAACCCCTGCCACTGTCCTTGGGGGCCACACTGAGCACCTCCCCTAACTCTGTTTTTGGGTCTTTTCTAAAGCAAAGTAAGAAACAGTCACCAGGGTAGCTTTAGAGGGAAAGCCCTAGTG,-0.0045032501220703125
23.0,YY1scrb1,GC_Matched_Scramble,TGCAGGAA,chr10:81107166-81107167,GCCTGGAGGAGGCGGGACGG,chr10:81107148-81107167,AGATGCCCACAGGCACAGTACTTAGTTGACAAATCCATGTCTCTCTCGTTCATTTTATCCTAAGAACAGACACGAGAAAAAAGCAGGATGAGGAGCATGATCGCACCCTTACCCTCCAGATGGGAAACTGAGGCCCAGAGAGGCCTGGAGCACTGGTGCAAGCTGGTAGCAATACTCCAGGGCTCCCTAGCCCTAGCCAGTGCCTTCCTGTGTCCAGGCCTCAGCTTCCCCTGGGGACAGTACAAGTGTTGGGCCAGATGCTCTCTCAGGTCCCTGCGTGGCATCCATTTATTGCAGACCTCCCACCACCTTGCAGTGAGGGTGGCTCTGGCTGCTGGGAAGCCCACTTTCAGCACGTGGGGTTTAAATGCTCCTGCTGTGGGTCTCCCCACTGAGTCCCCTCCCAGGGTGCATGCTGATGGGAGGGGGCAGCTGGCAGTCTGCCCCGGGGCTGTCAGTGTGGGTCCTAGGAGGAGGGATCAGACCCAGTCCTGGGGAGGGCTGGGGGCCTGAAAGGAGCATGATGAGCCCAGGCTGCGTTTTCAGTCTTGCTAGAAGCAGGTCTGGTCCCCAGAAACAACTAGAGACAGGCCCAGGCCGGGACAAGCAGGCTAGGGGGCATCATGGGAGGTGTCTCAGCTTATCTCCTCCCTCTTGCGCCTCTAGCTCACTAATCCCGCCTCTCATCTCACCTTTCTCTAACCCTCTCAGACTGCAGGACCTAGGGCAGCAGGGAAGCTTATTTGGCCTGAGCCTTACCTGCAAAGGGCTCAAAGGTAGACTTTTGCTATTATATTCAAATTGCAACGTATAGATGCTCATATTTTGGAATTAATTACGTTTTAGCAGTTTTTCTTTTTTTAAAAAAATCTGCTGGTACCTTAATAAACATGGAACCAGCAACCTTTTGCCAGGTGTCTGTTCTCCGGGTCTCTGGGCCTGGAGGCGGGAGTGTTTCAAAGCACTTCACGCTCCGCGGCCCCACCGGCTGGCTGCGCTGCCCGCTGCGGCCGGCAGGGGTAGTCCACGGACAGGCCTGGAGGAGGCGGGACGTGCAGGAAGGGGCAGGGCCGGGAACCTGGGCAAGCCAATAAAGGCTGCGGCGCGCGGCTGCGCGGGACTCGGCCTTCTGGGCGCGCGCGACGTCAGTTTGAGTTCTGTGTTCTCCCCGCCCGTGTCCCGCCCGACCCGCGCCCGCGATGCTGGCGCTGCGCTGCGGCTCCCGCTGGCTCGGCCTGCTCTCCGTCCCGCGCTCCGTGCCGCTGCGCCTCCCCGCGGCCCGCGCCTGCAGCAAGGGCTCCGGCGACCCGTCCTCTTCCTCCTCCTCCGGGAACCCGCTCGTGTACCTGGACGTGGACGCCAACGGGAAGCCGCTCGGCCGCGTGGTGCTGGAGGTGAGACCGCTCGCAGGGCCGGCCTGGGCGCGGGACACGGGCCCGGGGAGAGCCCTGGGCCCCGGGCGGCGCGGTGCCGGGCGCGCTGGGTGACCTTGGGCCTCCCCATGCCGAGCTCTGGGCCTCAGTTTCCCCATTTCTGAGAATGGGCGTCAGAATGATTTCTTCCGGCCTCCCTCGGAGCACTGGAGCGGGGGAGACGGGAGGGAGGGCACGTGTGGAGGAGAAAGCTCAAGGTCAGATCGCAGAGAGGGAGGGCTCAGCACCTCTGGGCCGGCCCGGGCACGAGGGAGGGGCTCCAGGAGCCTTCTGGGGCTGAGCCTAGATCCGGAGCTCCGAGGTGGGTGTCGGGGGTCTTGGGGTGAGCGTCGTGGCCCAGCGGGTGCTCACGTGGCGGCCCTTGCACAACACGGAGCGCTTCCTGGCTCCGGCCCCGCCCCTGCGGTCGGGCTCACACTGGGGGTGCTGGGAAATGGAGCGAGAGGTGGTTTCCAGCAGTAGTGCGGGCCCAGTAGGCCTCAGGCCCCGGCCACCTGGTGGACCCCAGAATGCCCCTCCTGCGAGTCGGGACACACTCAGAGACAGTGTGCCCGGCGCCTCAACCCCTGCCACTGTCCTTGGGGGCCACACTGAGCACCTCCCCTAACTCTGTTTTTGGGTCTTTTCTAAAGCAAAGTAAGAAACAGTCACCAGGGTAGCTTTAGAGGGAAAGCCCTAGTG,0.17171859741210938
24.0,GABPAscrb1,GC_Matched_Scramble,AGAGAGCC,chr10:81107166-81107167,GCCTGGAGGAGGCGGGACGG,chr10:81107148-81107167,AGATGCCCACAGGCACAGTACTTAGTTGACAAATCCATGTCTCTCTCGTTCATTTTATCCTAAGAACAGACACGAGAAAAAAGCAGGATGAGGAGCATGATCGCACCCTTACCCTCCAGATGGGAAACTGAGGCCCAGAGAGGCCTGGAGCACTGGTGCAAGCTGGTAGCAATACTCCAGGGCTCCCTAGCCCTAGCCAGTGCCTTCCTGTGTCCAGGCCTCAGCTTCCCCTGGGGACAGTACAAGTGTTGGGCCAGATGCTCTCTCAGGTCCCTGCGTGGCATCCATTTATTGCAGACCTCCCACCACCTTGCAGTGAGGGTGGCTCTGGCTGCTGGGAAGCCCACTTTCAGCACGTGGGGTTTAAATGCTCCTGCTGTGGGTCTCCCCACTGAGTCCCCTCCCAGGGTGCATGCTGATGGGAGGGGGCAGCTGGCAGTCTGCCCCGGGGCTGTCAGTGTGGGTCCTAGGAGGAGGGATCAGACCCAGTCCTGGGGAGGGCTGGGGGCCTGAAAGGAGCATGATGAGCCCAGGCTGCGTTTTCAGTCTTGCTAGAAGCAGGTCTGGTCCCCAGAAACAACTAGAGACAGGCCCAGGCCGGGACAAGCAGGCTAGGGGGCATCATGGGAGGTGTCTCAGCTTATCTCCTCCCTCTTGCGCCTCTAGCTCACTAATCCCGCCTCTCATCTCACCTTTCTCTAACCCTCTCAGACTGCAGGACCTAGGGCAGCAGGGAAGCTTATTTGGCCTGAGCCTTACCTGCAAAGGGCTCAAAGGTAGACTTTTGCTATTATATTCAAATTGCAACGTATAGATGCTCATATTTTGGAATTAATTACGTTTTAGCAGTTTTTCTTTTTTTAAAAAAATCTGCTGGTACCTTAATAAACATGGAACCAGCAACCTTTTGCCAGGTGTCTGTTCTCCGGGTCTCTGGGCCTGGAGGCGGGAGTGTTTCAAAGCACTTCACGCTCCGCGGCCCCACCGGCTGGCTGCGCTGCCCGCTGCGGCCGGCAGGGGTAGTCCACGGACAGGCCTGGAGGAGGCGGGACGAGAGAGCCGGGGCAGGGCCGGGAACCTGGGCAAGCCAATAAAGGCTGCGGCGCGCGGCTGCGCGGGACTCGGCCTTCTGGGCGCGCGCGACGTCAGTTTGAGTTCTGTGTTCTCCCCGCCCGTGTCCCGCCCGACCCGCGCCCGCGATGCTGGCGCTGCGCTGCGGCTCCCGCTGGCTCGGCCTGCTCTCCGTCCCGCGCTCCGTGCCGCTGCGCCTCCCCGCGGCCCGCGCCTGCAGCAAGGGCTCCGGCGACCCGTCCTCTTCCTCCTCCTCCGGGAACCCGCTCGTGTACCTGGACGTGGACGCCAACGGGAAGCCGCTCGGCCGCGTGGTGCTGGAGGTGAGACCGCTCGCAGGGCCGGCCTGGGCGCGGGACACGGGCCCGGGGAGAGCCCTGGGCCCCGGGCGGCGCGGTGCCGGGCGCGCTGGGTGACCTTGGGCCTCCCCATGCCGAGCTCTGGGCCTCAGTTTCCCCATTTCTGAGAATGGGCGTCAGAATGATTTCTTCCGGCCTCCCTCGGAGCACTGGAGCGGGGGAGACGGGAGGGAGGGCACGTGTGGAGGAGAAAGCTCAAGGTCAGATCGCAGAGAGGGAGGGCTCAGCACCTCTGGGCCGGCCCGGGCACGAGGGAGGGGCTCCAGGAGCCTTCTGGGGCTGAGCCTAGATCCGGAGCTCCGAGGTGGGTGTCGGGGGTCTTGGGGTGAGCGTCGTGGCCCAGCGGGTGCTCACGTGGCGGCCCTTGCACAACACGGAGCGCTTCCTGGCTCCGGCCCCGCCCCTGCGGTCGGGCTCACACTGGGGGTGCTGGGAAATGGAGCGAGAGGTGGTTTCCAGCAGTAGTGCGGGCCCAGTAGGCCTCAGGCCCCGGCCACCTGGTGGACCCCAGAATGCCCCTCCTGCGAGTCGGGACACACTCAGAGACAGTGTGCCCGGCGCCTCAACCCCTGCCACTGTCCTTGGGGGCCACACTGAGCACCTCCCCTAACTCTGTTTTTGGGTCTTTTCTAAAGCAAAGTAAGAAACAGTCACCAGGGTAGCTTTAGAGGGAAAGCCCTAGTG,0.1129450798034668
25.0,ETS1scrb1,GC_Matched_Scramble,AGTCAGAT,chr10:81107166-81107167,GCCTGGAGGAGGCGGGACGG,chr10:81107148-81107167,AGATGCCCACAGGCACAGTACTTAGTTGACAAATCCATGTCTCTCTCGTTCATTTTATCCTAAGAACAGACACGAGAAAAAAGCAGGATGAGGAGCATGATCGCACCCTTACCCTCCAGATGGGAAACTGAGGCCCAGAGAGGCCTGGAGCACTGGTGCAAGCTGGTAGCAATACTCCAGGGCTCCCTAGCCCTAGCCAGTGCCTTCCTGTGTCCAGGCCTCAGCTTCCCCTGGGGACAGTACAAGTGTTGGGCCAGATGCTCTCTCAGGTCCCTGCGTGGCATCCATTTATTGCAGACCTCCCACCACCTTGCAGTGAGGGTGGCTCTGGCTGCTGGGAAGCCCACTTTCAGCACGTGGGGTTTAAATGCTCCTGCTGTGGGTCTCCCCACTGAGTCCCCTCCCAGGGTGCATGCTGATGGGAGGGGGCAGCTGGCAGTCTGCCCCGGGGCTGTCAGTGTGGGTCCTAGGAGGAGGGATCAGACCCAGTCCTGGGGAGGGCTGGGGGCCTGAAAGGAGCATGATGAGCCCAGGCTGCGTTTTCAGTCTTGCTAGAAGCAGGTCTGGTCCCCAGAAACAACTAGAGACAGGCCCAGGCCGGGACAAGCAGGCTAGGGGGCATCATGGGAGGTGTCTCAGCTTATCTCCTCCCTCTTGCGCCTCTAGCTCACTAATCCCGCCTCTCATCTCACCTTTCTCTAACCCTCTCAGACTGCAGGACCTAGGGCAGCAGGGAAGCTTATTTGGCCTGAGCCTTACCTGCAAAGGGCTCAAAGGTAGACTTTTGCTATTATATTCAAATTGCAACGTATAGATGCTCATATTTTGGAATTAATTACGTTTTAGCAGTTTTTCTTTTTTTAAAAAAATCTGCTGGTACCTTAATAAACATGGAACCAGCAACCTTTTGCCAGGTGTCTGTTCTCCGGGTCTCTGGGCCTGGAGGCGGGAGTGTTTCAAAGCACTTCACGCTCCGCGGCCCCACCGGCTGGCTGCGCTGCCCGCTGCGGCCGGCAGGGGTAGTCCACGGACAGGCCTGGAGGAGGCGGGACGAGTCAGATGGGGCAGGGCCGGGAACCTGGGCAAGCCAATAAAGGCTGCGGCGCGCGGCTGCGCGGGACTCGGCCTTCTGGGCGCGCGCGACGTCAGTTTGAGTTCTGTGTTCTCCCCGCCCGTGTCCCGCCCGACCCGCGCCCGCGATGCTGGCGCTGCGCTGCGGCTCCCGCTGGCTCGGCCTGCTCTCCGTCCCGCGCTCCGTGCCGCTGCGCCTCCCCGCGGCCCGCGCCTGCAGCAAGGGCTCCGGCGACCCGTCCTCTTCCTCCTCCTCCGGGAACCCGCTCGTGTACCTGGACGTGGACGCCAACGGGAAGCCGCTCGGCCGCGTGGTGCTGGAGGTGAGACCGCTCGCAGGGCCGGCCTGGGCGCGGGACACGGGCCCGGGGAGAGCCCTGGGCCCCGGGCGGCGCGGTGCCGGGCGCGCTGGGTGACCTTGGGCCTCCCCATGCCGAGCTCTGGGCCTCAGTTTCCCCATTTCTGAGAATGGGCGTCAGAATGATTTCTTCCGGCCTCCCTCGGAGCACTGGAGCGGGGGAGACGGGAGGGAGGGCACGTGTGGAGGAGAAAGCTCAAGGTCAGATCGCAGAGAGGGAGGGCTCAGCACCTCTGGGCCGGCCCGGGCACGAGGGAGGGGCTCCAGGAGCCTTCTGGGGCTGAGCCTAGATCCGGAGCTCCGAGGTGGGTGTCGGGGGTCTTGGGGTGAGCGTCGTGGCCCAGCGGGTGCTCACGTGGCGGCCCTTGCACAACACGGAGCGCTTCCTGGCTCCGGCCCCGCCCCTGCGGTCGGGCTCACACTGGGGGTGCTGGGAAATGGAGCGAGAGGTGGTTTCCAGCAGTAGTGCGGGCCCAGTAGGCCTCAGGCCCCGGCCACCTGGTGGACCCCAGAATGCCCCTCCTGCGAGTCGGGACACACTCAGAGACAGTGTGCCCGGCGCCTCAACCCCTGCCACTGTCCTTGGGGGCCACACTGAGCACCTCCCCTAACTCTGTTTTTGGGTCTTTTCTAAAGCAAAGTAAGAAACAGTCACCAGGGTAGCTTTAGAGGGAAAGCCCTAGTG,0.05981731414794922
26.0,NFYscrb1,GC_Matched_Scramble,AGCACCAT,chr10:81107166-81107167,GCCTGGAGGAGGCGGGACGG,chr10:81107148-81107167,AGATGCCCACAGGCACAGTACTTAGTTGACAAATCCATGTCTCTCTCGTTCATTTTATCCTAAGAACAGACACGAGAAAAAAGCAGGATGAGGAGCATGATCGCACCCTTACCCTCCAGATGGGAAACTGAGGCCCAGAGAGGCCTGGAGCACTGGTGCAAGCTGGTAGCAATACTCCAGGGCTCCCTAGCCCTAGCCAGTGCCTTCCTGTGTCCAGGCCTCAGCTTCCCCTGGGGACAGTACAAGTGTTGGGCCAGATGCTCTCTCAGGTCCCTGCGTGGCATCCATTTATTGCAGACCTCCCACCACCTTGCAGTGAGGGTGGCTCTGGCTGCTGGGAAGCCCACTTTCAGCACGTGGGGTTTAAATGCTCCTGCTGTGGGTCTCCCCACTGAGTCCCCTCCCAGGGTGCATGCTGATGGGAGGGGGCAGCTGGCAGTCTGCCCCGGGGCTGTCAGTGTGGGTCCTAGGAGGAGGGATCAGACCCAGTCCTGGGGAGGGCTGGGGGCCTGAAAGGAGCATGATGAGCCCAGGCTGCGTTTTCAGTCTTGCTAGAAGCAGGTCTGGTCCCCAGAAACAACTAGAGACAGGCCCAGGCCGGGACAAGCAGGCTAGGGGGCATCATGGGAGGTGTCTCAGCTTATCTCCTCCCTCTTGCGCCTCTAGCTCACTAATCCCGCCTCTCATCTCACCTTTCTCTAACCCTCTCAGACTGCAGGACCTAGGGCAGCAGGGAAGCTTATTTGGCCTGAGCCTTACCTGCAAAGGGCTCAAAGGTAGACTTTTGCTATTATATTCAAATTGCAACGTATAGATGCTCATATTTTGGAATTAATTACGTTTTAGCAGTTTTTCTTTTTTTAAAAAAATCTGCTGGTACCTTAATAAACATGGAACCAGCAACCTTTTGCCAGGTGTCTGTTCTCCGGGTCTCTGGGCCTGGAGGCGGGAGTGTTTCAAAGCACTTCACGCTCCGCGGCCCCACCGGCTGGCTGCGCTGCCCGCTGCGGCCGGCAGGGGTAGTCCACGGACAGGCCTGGAGGAGGCGGGACGAGCACCATGGGGCAGGGCCGGGAACCTGGGCAAGCCAATAAAGGCTGCGGCGCGCGGCTGCGCGGGACTCGGCCTTCTGGGCGCGCGCGACGTCAGTTTGAGTTCTGTGTTCTCCCCGCCCGTGTCCCGCCCGACCCGCGCCCGCGATGCTGGCGCTGCGCTGCGGCTCCCGCTGGCTCGGCCTGCTCTCCGTCCCGCGCTCCGTGCCGCTGCGCCTCCCCGCGGCCCGCGCCTGCAGCAAGGGCTCCGGCGACCCGTCCTCTTCCTCCTCCTCCGGGAACCCGCTCGTGTACCTGGACGTGGACGCCAACGGGAAGCCGCTCGGCCGCGTGGTGCTGGAGGTGAGACCGCTCGCAGGGCCGGCCTGGGCGCGGGACACGGGCCCGGGGAGAGCCCTGGGCCCCGGGCGGCGCGGTGCCGGGCGCGCTGGGTGACCTTGGGCCTCCCCATGCCGAGCTCTGGGCCTCAGTTTCCCCATTTCTGAGAATGGGCGTCAGAATGATTTCTTCCGGCCTCCCTCGGAGCACTGGAGCGGGGGAGACGGGAGGGAGGGCACGTGTGGAGGAGAAAGCTCAAGGTCAGATCGCAGAGAGGGAGGGCTCAGCACCTCTGGGCCGGCCCGGGCACGAGGGAGGGGCTCCAGGAGCCTTCTGGGGCTGAGCCTAGATCCGGAGCTCCGAGGTGGGTGTCGGGGGTCTTGGGGTGAGCGTCGTGGCCCAGCGGGTGCTCACGTGGCGGCCCTTGCACAACACGGAGCGCTTCCTGGCTCCGGCCCCGCCCCTGCGGTCGGGCTCACACTGGGGGTGCTGGGAAATGGAGCGAGAGGTGGTTTCCAGCAGTAGTGCGGGCCCAGTAGGCCTCAGGCCCCGGCCACCTGGTGGACCCCAGAATGCCCCTCCTGCGAGTCGGGACACACTCAGAGACAGTGTGCCCGGCGCCTCAACCCCTGCCACTGTCCTTGGGGGCCACACTGAGCACCTCCCCTAACTCTGTTTTTGGGTCTTTTCTAAAGCAAAGTAAGAAACAGTCACCAGGGTAGCTTTAGAGGGAAAGCCCTAGTG,-0.10619258880615234
27.0,NRF1scrb1,GC_Matched_Scramble,CGCTCGGC,chr10:81107166-81107167,GCCTGGAGGAGGCGGGACGG,chr10:81107148-81107167,AGATGCCCACAGGCACAGTACTTAGTTGACAAATCCATGTCTCTCTCGTTCATTTTATCCTAAGAACAGACACGAGAAAAAAGCAGGATGAGGAGCATGATCGCACCCTTACCCTCCAGATGGGAAACTGAGGCCCAGAGAGGCCTGGAGCACTGGTGCAAGCTGGTAGCAATACTCCAGGGCTCCCTAGCCCTAGCCAGTGCCTTCCTGTGTCCAGGCCTCAGCTTCCCCTGGGGACAGTACAAGTGTTGGGCCAGATGCTCTCTCAGGTCCCTGCGTGGCATCCATTTATTGCAGACCTCCCACCACCTTGCAGTGAGGGTGGCTCTGGCTGCTGGGAAGCCCACTTTCAGCACGTGGGGTTTAAATGCTCCTGCTGTGGGTCTCCCCACTGAGTCCCCTCCCAGGGTGCATGCTGATGGGAGGGGGCAGCTGGCAGTCTGCCCCGGGGCTGTCAGTGTGGGTCCTAGGAGGAGGGATCAGACCCAGTCCTGGGGAGGGCTGGGGGCCTGAAAGGAGCATGATGAGCCCAGGCTGCGTTTTCAGTCTTGCTAGAAGCAGGTCTGGTCCCCAGAAACAACTAGAGACAGGCCCAGGCCGGGACAAGCAGGCTAGGGGGCATCATGGGAGGTGTCTCAGCTTATCTCCTCCCTCTTGCGCCTCTAGCTCACTAATCCCGCCTCTCATCTCACCTTTCTCTAACCCTCTCAGACTGCAGGACCTAGGGCAGCAGGGAAGCTTATTTGGCCTGAGCCTTACCTGCAAAGGGCTCAAAGGTAGACTTTTGCTATTATATTCAAATTGCAACGTATAGATGCTCATATTTTGGAATTAATTACGTTTTAGCAGTTTTTCTTTTTTTAAAAAAATCTGCTGGTACCTTAATAAACATGGAACCAGCAACCTTTTGCCAGGTGTCTGTTCTCCGGGTCTCTGGGCCTGGAGGCGGGAGTGTTTCAAAGCACTTCACGCTCCGCGGCCCCACCGGCTGGCTGCGCTGCCCGCTGCGGCCGGCAGGGGTAGTCCACGGACAGGCCTGGAGGAGGCGGGACGCGCTCGGCGGGGCAGGGCCGGGAACCTGGGCAAGCCAATAAAGGCTGCGGCGCGCGGCTGCGCGGGACTCGGCCTTCTGGGCGCGCGCGACGTCAGTTTGAGTTCTGTGTTCTCCCCGCCCGTGTCCCGCCCGACCCGCGCCCGCGATGCTGGCGCTGCGCTGCGGCTCCCGCTGGCTCGGCCTGCTCTCCGTCCCGCGCTCCGTGCCGCTGCGCCTCCCCGCGGCCCGCGCCTGCAGCAAGGGCTCCGGCGACCCGTCCTCTTCCTCCTCCTCCGGGAACCCGCTCGTGTACCTGGACGTGGACGCCAACGGGAAGCCGCTCGGCCGCGTGGTGCTGGAGGTGAGACCGCTCGCAGGGCCGGCCTGGGCGCGGGACACGGGCCCGGGGAGAGCCCTGGGCCCCGGGCGGCGCGGTGCCGGGCGCGCTGGGTGACCTTGGGCCTCCCCATGCCGAGCTCTGGGCCTCAGTTTCCCCATTTCTGAGAATGGGCGTCAGAATGATTTCTTCCGGCCTCCCTCGGAGCACTGGAGCGGGGGAGACGGGAGGGAGGGCACGTGTGGAGGAGAAAGCTCAAGGTCAGATCGCAGAGAGGGAGGGCTCAGCACCTCTGGGCCGGCCCGGGCACGAGGGAGGGGCTCCAGGAGCCTTCTGGGGCTGAGCCTAGATCCGGAGCTCCGAGGTGGGTGTCGGGGGTCTTGGGGTGAGCGTCGTGGCCCAGCGGGTGCTCACGTGGCGGCCCTTGCACAACACGGAGCGCTTCCTGGCTCCGGCCCCGCCCCTGCGGTCGGGCTCACACTGGGGGTGCTGGGAAATGGAGCGAGAGGTGGTTTCCAGCAGTAGTGCGGGCCCAGTAGGCCTCAGGCCCCGGCCACCTGGTGGACCCCAGAATGCCCCTCCTGCGAGTCGGGACACACTCAGAGACAGTGTGCCCGGCGCCTCAACCCCTGCCACTGTCCTTGGGGGCCACACTGAGCACCTCCCCTAACTCTGTTTTTGGGTCTTTTCTAAAGCAAAGTAAGAAACAGTCACCAGGGTAGCTTTAGAGGGAAAGCCCTAGTG,0.0823063850402832
28.0,SPI1scrb1,GC_Matched_Scramble,GTAGGAGA,chr10:81107166-81107167,GCCTGGAGGAGGCGGGACGG,chr10:81107148-81107167,AGATGCCCACAGGCACAGTACTTAGTTGACAAATCCATGTCTCTCTCGTTCATTTTATCCTAAGAACAGACACGAGAAAAAAGCAGGATGAGGAGCATGATCGCACCCTTACCCTCCAGATGGGAAACTGAGGCCCAGAGAGGCCTGGAGCACTGGTGCAAGCTGGTAGCAATACTCCAGGGCTCCCTAGCCCTAGCCAGTGCCTTCCTGTGTCCAGGCCTCAGCTTCCCCTGGGGACAGTACAAGTGTTGGGCCAGATGCTCTCTCAGGTCCCTGCGTGGCATCCATTTATTGCAGACCTCCCACCACCTTGCAGTGAGGGTGGCTCTGGCTGCTGGGAAGCCCACTTTCAGCACGTGGGGTTTAAATGCTCCTGCTGTGGGTCTCCCCACTGAGTCCCCTCCCAGGGTGCATGCTGATGGGAGGGGGCAGCTGGCAGTCTGCCCCGGGGCTGTCAGTGTGGGTCCTAGGAGGAGGGATCAGACCCAGTCCTGGGGAGGGCTGGGGGCCTGAAAGGAGCATGATGAGCCCAGGCTGCGTTTTCAGTCTTGCTAGAAGCAGGTCTGGTCCCCAGAAACAACTAGAGACAGGCCCAGGCCGGGACAAGCAGGCTAGGGGGCATCATGGGAGGTGTCTCAGCTTATCTCCTCCCTCTTGCGCCTCTAGCTCACTAATCCCGCCTCTCATCTCACCTTTCTCTAACCCTCTCAGACTGCAGGACCTAGGGCAGCAGGGAAGCTTATTTGGCCTGAGCCTTACCTGCAAAGGGCTCAAAGGTAGACTTTTGCTATTATATTCAAATTGCAACGTATAGATGCTCATATTTTGGAATTAATTACGTTTTAGCAGTTTTTCTTTTTTTAAAAAAATCTGCTGGTACCTTAATAAACATGGAACCAGCAACCTTTTGCCAGGTGTCTGTTCTCCGGGTCTCTGGGCCTGGAGGCGGGAGTGTTTCAAAGCACTTCACGCTCCGCGGCCCCACCGGCTGGCTGCGCTGCCCGCTGCGGCCGGCAGGGGTAGTCCACGGACAGGCCTGGAGGAGGCGGGACGGTAGGAGAGGGGCAGGGCCGGGAACCTGGGCAAGCCAATAAAGGCTGCGGCGCGCGGCTGCGCGGGACTCGGCCTTCTGGGCGCGCGCGACGTCAGTTTGAGTTCTGTGTTCTCCCCGCCCGTGTCCCGCCCGACCCGCGCCCGCGATGCTGGCGCTGCGCTGCGGCTCCCGCTGGCTCGGCCTGCTCTCCGTCCCGCGCTCCGTGCCGCTGCGCCTCCCCGCGGCCCGCGCCTGCAGCAAGGGCTCCGGCGACCCGTCCTCTTCCTCCTCCTCCGGGAACCCGCTCGTGTACCTGGACGTGGACGCCAACGGGAAGCCGCTCGGCCGCGTGGTGCTGGAGGTGAGACCGCTCGCAGGGCCGGCCTGGGCGCGGGACACGGGCCCGGGGAGAGCCCTGGGCCCCGGGCGGCGCGGTGCCGGGCGCGCTGGGTGACCTTGGGCCTCCCCATGCCGAGCTCTGGGCCTCAGTTTCCCCATTTCTGAGAATGGGCGTCAGAATGATTTCTTCCGGCCTCCCTCGGAGCACTGGAGCGGGGGAGACGGGAGGGAGGGCACGTGTGGAGGAGAAAGCTCAAGGTCAGATCGCAGAGAGGGAGGGCTCAGCACCTCTGGGCCGGCCCGGGCACGAGGGAGGGGCTCCAGGAGCCTTCTGGGGCTGAGCCTAGATCCGGAGCTCCGAGGTGGGTGTCGGGGGTCTTGGGGTGAGCGTCGTGGCCCAGCGGGTGCTCACGTGGCGGCCCTTGCACAACACGGAGCGCTTCCTGGCTCCGGCCCCGCCCCTGCGGTCGGGCTCACACTGGGGGTGCTGGGAAATGGAGCGAGAGGTGGTTTCCAGCAGTAGTGCGGGCCCAGTAGGCCTCAGGCCCCGGCCACCTGGTGGACCCCAGAATGCCCCTCCTGCGAGTCGGGACACACTCAGAGACAGTGTGCCCGGCGCCTCAACCCCTGCCACTGTCCTTGGGGGCCACACTGAGCACCTCCCCTAACTCTGTTTTTGGGTCTTTTCTAAAGCAAAGTAAGAAACAGTCACCAGGGTAGCTTTAGAGGGAAAGCCCTAGTG,0.08219242095947266
29.0,GATA3scrb1,GC_Matched_Scramble,AAGGAATA,chr10:81107166-81107167,GCCTGGAGGAGGCGGGACGG,chr10:81107148-81107167,AGATGCCCACAGGCACAGTACTTAGTTGACAAATCCATGTCTCTCTCGTTCATTTTATCCTAAGAACAGACACGAGAAAAAAGCAGGATGAGGAGCATGATCGCACCCTTACCCTCCAGATGGGAAACTGAGGCCCAGAGAGGCCTGGAGCACTGGTGCAAGCTGGTAGCAATACTCCAGGGCTCCCTAGCCCTAGCCAGTGCCTTCCTGTGTCCAGGCCTCAGCTTCCCCTGGGGACAGTACAAGTGTTGGGCCAGATGCTCTCTCAGGTCCCTGCGTGGCATCCATTTATTGCAGACCTCCCACCACCTTGCAGTGAGGGTGGCTCTGGCTGCTGGGAAGCCCACTTTCAGCACGTGGGGTTTAAATGCTCCTGCTGTGGGTCTCCCCACTGAGTCCCCTCCCAGGGTGCATGCTGATGGGAGGGGGCAGCTGGCAGTCTGCCCCGGGGCTGTCAGTGTGGGTCCTAGGAGGAGGGATCAGACCCAGTCCTGGGGAGGGCTGGGGGCCTGAAAGGAGCATGATGAGCCCAGGCTGCGTTTTCAGTCTTGCTAGAAGCAGGTCTGGTCCCCAGAAACAACTAGAGACAGGCCCAGGCCGGGACAAGCAGGCTAGGGGGCATCATGGGAGGTGTCTCAGCTTATCTCCTCCCTCTTGCGCCTCTAGCTCACTAATCCCGCCTCTCATCTCACCTTTCTCTAACCCTCTCAGACTGCAGGACCTAGGGCAGCAGGGAAGCTTATTTGGCCTGAGCCTTACCTGCAAAGGGCTCAAAGGTAGACTTTTGCTATTATATTCAAATTGCAACGTATAGATGCTCATATTTTGGAATTAATTACGTTTTAGCAGTTTTTCTTTTTTTAAAAAAATCTGCTGGTACCTTAATAAACATGGAACCAGCAACCTTTTGCCAGGTGTCTGTTCTCCGGGTCTCTGGGCCTGGAGGCGGGAGTGTTTCAAAGCACTTCACGCTCCGCGGCCCCACCGGCTGGCTGCGCTGCCCGCTGCGGCCGGCAGGGGTAGTCCACGGACAGGCCTGGAGGAGGCGGGACGAAGGAATAGGGGCAGGGCCGGGAACCTGGGCAAGCCAATAAAGGCTGCGGCGCGCGGCTGCGCGGGACTCGGCCTTCTGGGCGCGCGCGACGTCAGTTTGAGTTCTGTGTTCTCCCCGCCCGTGTCCCGCCCGACCCGCGCCCGCGATGCTGGCGCTGCGCTGCGGCTCCCGCTGGCTCGGCCTGCTCTCCGTCCCGCGCTCCGTGCCGCTGCGCCTCCCCGCGGCCCGCGCCTGCAGCAAGGGCTCCGGCGACCCGTCCTCTTCCTCCTCCTCCGGGAACCCGCTCGTGTACCTGGACGTGGACGCCAACGGGAAGCCGCTCGGCCGCGTGGTGCTGGAGGTGAGACCGCTCGCAGGGCCGGCCTGGGCGCGGGACACGGGCCCGGGGAGAGCCCTGGGCCCCGGGCGGCGCGGTGCCGGGCGCGCTGGGTGACCTTGGGCCTCCCCATGCCGAGCTCTGGGCCTCAGTTTCCCCATTTCTGAGAATGGGCGTCAGAATGATTTCTTCCGGCCTCCCTCGGAGCACTGGAGCGGGGGAGACGGGAGGGAGGGCACGTGTGGAGGAGAAAGCTCAAGGTCAGATCGCAGAGAGGGAGGGCTCAGCACCTCTGGGCCGGCCCGGGCACGAGGGAGGGGCTCCAGGAGCCTTCTGGGGCTGAGCCTAGATCCGGAGCTCCGAGGTGGGTGTCGGGGGTCTTGGGGTGAGCGTCGTGGCCCAGCGGGTGCTCACGTGGCGGCCCTTGCACAACACGGAGCGCTTCCTGGCTCCGGCCCCGCCCCTGCGGTCGGGCTCACACTGGGGGTGCTGGGAAATGGAGCGAGAGGTGGTTTCCAGCAGTAGTGCGGGCCCAGTAGGCCTCAGGCCCCGGCCACCTGGTGGACCCCAGAATGCCCCTCCTGCGAGTCGGGACACACTCAGAGACAGTGTGCCCGGCGCCTCAACCCCTGCCACTGTCCTTGGGGGCCACACTGAGCACCTCCCCTAACTCTGTTTTTGGGTCTTTTCTAAAGCAAAGTAAGAAACAGTCACCAGGGTAGCTTTAGAGGGAAAGCCCTAGTG,0.10947179794311523
30.0,FOSJUNscrb1,GC_Matched_Scramble,GAAGCTTT,chr10:81107166-81107167,GCCTGGAGGAGGCGGGACGG,chr10:81107148-81107167,AGATGCCCACAGGCACAGTACTTAGTTGACAAATCCATGTCTCTCTCGTTCATTTTATCCTAAGAACAGACACGAGAAAAAAGCAGGATGAGGAGCATGATCGCACCCTTACCCTCCAGATGGGAAACTGAGGCCCAGAGAGGCCTGGAGCACTGGTGCAAGCTGGTAGCAATACTCCAGGGCTCCCTAGCCCTAGCCAGTGCCTTCCTGTGTCCAGGCCTCAGCTTCCCCTGGGGACAGTACAAGTGTTGGGCCAGATGCTCTCTCAGGTCCCTGCGTGGCATCCATTTATTGCAGACCTCCCACCACCTTGCAGTGAGGGTGGCTCTGGCTGCTGGGAAGCCCACTTTCAGCACGTGGGGTTTAAATGCTCCTGCTGTGGGTCTCCCCACTGAGTCCCCTCCCAGGGTGCATGCTGATGGGAGGGGGCAGCTGGCAGTCTGCCCCGGGGCTGTCAGTGTGGGTCCTAGGAGGAGGGATCAGACCCAGTCCTGGGGAGGGCTGGGGGCCTGAAAGGAGCATGATGAGCCCAGGCTGCGTTTTCAGTCTTGCTAGAAGCAGGTCTGGTCCCCAGAAACAACTAGAGACAGGCCCAGGCCGGGACAAGCAGGCTAGGGGGCATCATGGGAGGTGTCTCAGCTTATCTCCTCCCTCTTGCGCCTCTAGCTCACTAATCCCGCCTCTCATCTCACCTTTCTCTAACCCTCTCAGACTGCAGGACCTAGGGCAGCAGGGAAGCTTATTTGGCCTGAGCCTTACCTGCAAAGGGCTCAAAGGTAGACTTTTGCTATTATATTCAAATTGCAACGTATAGATGCTCATATTTTGGAATTAATTACGTTTTAGCAGTTTTTCTTTTTTTAAAAAAATCTGCTGGTACCTTAATAAACATGGAACCAGCAACCTTTTGCCAGGTGTCTGTTCTCCGGGTCTCTGGGCCTGGAGGCGGGAGTGTTTCAAAGCACTTCACGCTCCGCGGCCCCACCGGCTGGCTGCGCTGCCCGCTGCGGCCGGCAGGGGTAGTCCACGGACAGGCCTGGAGGAGGCGGGACGGAAGCTTTGGGGCAGGGCCGGGAACCTGGGCAAGCCAATAAAGGCTGCGGCGCGCGGCTGCGCGGGACTCGGCCTTCTGGGCGCGCGCGACGTCAGTTTGAGTTCTGTGTTCTCCCCGCCCGTGTCCCGCCCGACCCGCGCCCGCGATGCTGGCGCTGCGCTGCGGCTCCCGCTGGCTCGGCCTGCTCTCCGTCCCGCGCTCCGTGCCGCTGCGCCTCCCCGCGGCCCGCGCCTGCAGCAAGGGCTCCGGCGACCCGTCCTCTTCCTCCTCCTCCGGGAACCCGCTCGTGTACCTGGACGTGGACGCCAACGGGAAGCCGCTCGGCCGCGTGGTGCTGGAGGTGAGACCGCTCGCAGGGCCGGCCTGGGCGCGGGACACGGGCCCGGGGAGAGCCCTGGGCCCCGGGCGGCGCGGTGCCGGGCGCGCTGGGTGACCTTGGGCCTCCCCATGCCGAGCTCTGGGCCTCAGTTTCCCCATTTCTGAGAATGGGCGTCAGAATGATTTCTTCCGGCCTCCCTCGGAGCACTGGAGCGGGGGAGACGGGAGGGAGGGCACGTGTGGAGGAGAAAGCTCAAGGTCAGATCGCAGAGAGGGAGGGCTCAGCACCTCTGGGCCGGCCCGGGCACGAGGGAGGGGCTCCAGGAGCCTTCTGGGGCTGAGCCTAGATCCGGAGCTCCGAGGTGGGTGTCGGGGGTCTTGGGGTGAGCGTCGTGGCCCAGCGGGTGCTCACGTGGCGGCCCTTGCACAACACGGAGCGCTTCCTGGCTCCGGCCCCGCCCCTGCGGTCGGGCTCACACTGGGGGTGCTGGGAAATGGAGCGAGAGGTGGTTTCCAGCAGTAGTGCGGGCCCAGTAGGCCTCAGGCCCCGGCCACCTGGTGGACCCCAGAATGCCCCTCCTGCGAGTCGGGACACACTCAGAGACAGTGTGCCCGGCGCCTCAACCCCTGCCACTGTCCTTGGGGGCCACACTGAGCACCTCCCCTAACTCTGTTTTTGGGTCTTTTCTAAAGCAAAGTAAGAAACAGTCACCAGGGTAGCTTTAGAGGGAAAGCCCTAGTG,0.2076573371887207
31.0,ZBTB11scrb1,GC_Matched_Scramble,GAGCTGAC,chr10:81107166-81107167,GCCTGGAGGAGGCGGGACGG,chr10:81107148-81107167,AGATGCCCACAGGCACAGTACTTAGTTGACAAATCCATGTCTCTCTCGTTCATTTTATCCTAAGAACAGACACGAGAAAAAAGCAGGATGAGGAGCATGATCGCACCCTTACCCTCCAGATGGGAAACTGAGGCCCAGAGAGGCCTGGAGCACTGGTGCAAGCTGGTAGCAATACTCCAGGGCTCCCTAGCCCTAGCCAGTGCCTTCCTGTGTCCAGGCCTCAGCTTCCCCTGGGGACAGTACAAGTGTTGGGCCAGATGCTCTCTCAGGTCCCTGCGTGGCATCCATTTATTGCAGACCTCCCACCACCTTGCAGTGAGGGTGGCTCTGGCTGCTGGGAAGCCCACTTTCAGCACGTGGGGTTTAAATGCTCCTGCTGTGGGTCTCCCCACTGAGTCCCCTCCCAGGGTGCATGCTGATGGGAGGGGGCAGCTGGCAGTCTGCCCCGGGGCTGTCAGTGTGGGTCCTAGGAGGAGGGATCAGACCCAGTCCTGGGGAGGGCTGGGGGCCTGAAAGGAGCATGATGAGCCCAGGCTGCGTTTTCAGTCTTGCTAGAAGCAGGTCTGGTCCCCAGAAACAACTAGAGACAGGCCCAGGCCGGGACAAGCAGGCTAGGGGGCATCATGGGAGGTGTCTCAGCTTATCTCCTCCCTCTTGCGCCTCTAGCTCACTAATCCCGCCTCTCATCTCACCTTTCTCTAACCCTCTCAGACTGCAGGACCTAGGGCAGCAGGGAAGCTTATTTGGCCTGAGCCTTACCTGCAAAGGGCTCAAAGGTAGACTTTTGCTATTATATTCAAATTGCAACGTATAGATGCTCATATTTTGGAATTAATTACGTTTTAGCAGTTTTTCTTTTTTTAAAAAAATCTGCTGGTACCTTAATAAACATGGAACCAGCAACCTTTTGCCAGGTGTCTGTTCTCCGGGTCTCTGGGCCTGGAGGCGGGAGTGTTTCAAAGCACTTCACGCTCCGCGGCCCCACCGGCTGGCTGCGCTGCCCGCTGCGGCCGGCAGGGGTAGTCCACGGACAGGCCTGGAGGAGGCGGGACGGAGCTGACGGGGCAGGGCCGGGAACCTGGGCAAGCCAATAAAGGCTGCGGCGCGCGGCTGCGCGGGACTCGGCCTTCTGGGCGCGCGCGACGTCAGTTTGAGTTCTGTGTTCTCCCCGCCCGTGTCCCGCCCGACCCGCGCCCGCGATGCTGGCGCTGCGCTGCGGCTCCCGCTGGCTCGGCCTGCTCTCCGTCCCGCGCTCCGTGCCGCTGCGCCTCCCCGCGGCCCGCGCCTGCAGCAAGGGCTCCGGCGACCCGTCCTCTTCCTCCTCCTCCGGGAACCCGCTCGTGTACCTGGACGTGGACGCCAACGGGAAGCCGCTCGGCCGCGTGGTGCTGGAGGTGAGACCGCTCGCAGGGCCGGCCTGGGCGCGGGACACGGGCCCGGGGAGAGCCCTGGGCCCCGGGCGGCGCGGTGCCGGGCGCGCTGGGTGACCTTGGGCCTCCCCATGCCGAGCTCTGGGCCTCAGTTTCCCCATTTCTGAGAATGGGCGTCAGAATGATTTCTTCCGGCCTCCCTCGGAGCACTGGAGCGGGGGAGACGGGAGGGAGGGCACGTGTGGAGGAGAAAGCTCAAGGTCAGATCGCAGAGAGGGAGGGCTCAGCACCTCTGGGCCGGCCCGGGCACGAGGGAGGGGCTCCAGGAGCCTTCTGGGGCTGAGCCTAGATCCGGAGCTCCGAGGTGGGTGTCGGGGGTCTTGGGGTGAGCGTCGTGGCCCAGCGGGTGCTCACGTGGCGGCCCTTGCACAACACGGAGCGCTTCCTGGCTCCGGCCCCGCCCCTGCGGTCGGGCTCACACTGGGGGTGCTGGGAAATGGAGCGAGAGGTGGTTTCCAGCAGTAGTGCGGGCCCAGTAGGCCTCAGGCCCCGGCCACCTGGTGGACCCCAGAATGCCCCTCCTGCGAGTCGGGACACACTCAGAGACAGTGTGCCCGGCGCCTCAACCCCTGCCACTGTCCTTGGGGGCCACACTGAGCACCTCCCCTAACTCTGTTTTTGGGTCTTTTCTAAAGCAAAGTAAGAAACAGTCACCAGGGTAGCTTTAGAGGGAAAGCCCTAGTG,0.1634502410888672
32.0,RESTscrb1,GC_Matched_Scramble,AGCGCTAA,chr10:81107166-81107167,GCCTGGAGGAGGCGGGACGG,chr10:81107148-81107167,AGATGCCCACAGGCACAGTACTTAGTTGACAAATCCATGTCTCTCTCGTTCATTTTATCCTAAGAACAGACACGAGAAAAAAGCAGGATGAGGAGCATGATCGCACCCTTACCCTCCAGATGGGAAACTGAGGCCCAGAGAGGCCTGGAGCACTGGTGCAAGCTGGTAGCAATACTCCAGGGCTCCCTAGCCCTAGCCAGTGCCTTCCTGTGTCCAGGCCTCAGCTTCCCCTGGGGACAGTACAAGTGTTGGGCCAGATGCTCTCTCAGGTCCCTGCGTGGCATCCATTTATTGCAGACCTCCCACCACCTTGCAGTGAGGGTGGCTCTGGCTGCTGGGAAGCCCACTTTCAGCACGTGGGGTTTAAATGCTCCTGCTGTGGGTCTCCCCACTGAGTCCCCTCCCAGGGTGCATGCTGATGGGAGGGGGCAGCTGGCAGTCTGCCCCGGGGCTGTCAGTGTGGGTCCTAGGAGGAGGGATCAGACCCAGTCCTGGGGAGGGCTGGGGGCCTGAAAGGAGCATGATGAGCCCAGGCTGCGTTTTCAGTCTTGCTAGAAGCAGGTCTGGTCCCCAGAAACAACTAGAGACAGGCCCAGGCCGGGACAAGCAGGCTAGGGGGCATCATGGGAGGTGTCTCAGCTTATCTCCTCCCTCTTGCGCCTCTAGCTCACTAATCCCGCCTCTCATCTCACCTTTCTCTAACCCTCTCAGACTGCAGGACCTAGGGCAGCAGGGAAGCTTATTTGGCCTGAGCCTTACCTGCAAAGGGCTCAAAGGTAGACTTTTGCTATTATATTCAAATTGCAACGTATAGATGCTCATATTTTGGAATTAATTACGTTTTAGCAGTTTTTCTTTTTTTAAAAAAATCTGCTGGTACCTTAATAAACATGGAACCAGCAACCTTTTGCCAGGTGTCTGTTCTCCGGGTCTCTGGGCCTGGAGGCGGGAGTGTTTCAAAGCACTTCACGCTCCGCGGCCCCACCGGCTGGCTGCGCTGCCCGCTGCGGCCGGCAGGGGTAGTCCACGGACAGGCCTGGAGGAGGCGGGACGAGCGCTAAGGGGCAGGGCCGGGAACCTGGGCAAGCCAATAAAGGCTGCGGCGCGCGGCTGCGCGGGACTCGGCCTTCTGGGCGCGCGCGACGTCAGTTTGAGTTCTGTGTTCTCCCCGCCCGTGTCCCGCCCGACCCGCGCCCGCGATGCTGGCGCTGCGCTGCGGCTCCCGCTGGCTCGGCCTGCTCTCCGTCCCGCGCTCCGTGCCGCTGCGCCTCCCCGCGGCCCGCGCCTGCAGCAAGGGCTCCGGCGACCCGTCCTCTTCCTCCTCCTCCGGGAACCCGCTCGTGTACCTGGACGTGGACGCCAACGGGAAGCCGCTCGGCCGCGTGGTGCTGGAGGTGAGACCGCTCGCAGGGCCGGCCTGGGCGCGGGACACGGGCCCGGGGAGAGCCCTGGGCCCCGGGCGGCGCGGTGCCGGGCGCGCTGGGTGACCTTGGGCCTCCCCATGCCGAGCTCTGGGCCTCAGTTTCCCCATTTCTGAGAATGGGCGTCAGAATGATTTCTTCCGGCCTCCCTCGGAGCACTGGAGCGGGGGAGACGGGAGGGAGGGCACGTGTGGAGGAGAAAGCTCAAGGTCAGATCGCAGAGAGGGAGGGCTCAGCACCTCTGGGCCGGCCCGGGCACGAGGGAGGGGCTCCAGGAGCCTTCTGGGGCTGAGCCTAGATCCGGAGCTCCGAGGTGGGTGTCGGGGGTCTTGGGGTGAGCGTCGTGGCCCAGCGGGTGCTCACGTGGCGGCCCTTGCACAACACGGAGCGCTTCCTGGCTCCGGCCCCGCCCCTGCGGTCGGGCTCACACTGGGGGTGCTGGGAAATGGAGCGAGAGGTGGTTTCCAGCAGTAGTGCGGGCCCAGTAGGCCTCAGGCCCCGGCCACCTGGTGGACCCCAGAATGCCCCTCCTGCGAGTCGGGACACACTCAGAGACAGTGTGCCCGGCGCCTCAACCCCTGCCACTGTCCTTGGGGGCCACACTGAGCACCTCCCCTAACTCTGTTTTTGGGTCTTTTCTAAAGCAAAGTAAGAAACAGTCACCAGGGTAGCTTTAGAGGGAAAGCCCTAGTG,0.1149592399597168
33.0,YY1scrb2,GC_Matched_Scramble,TACAGGAG,chr10:81107166-81107167,GCCTGGAGGAGGCGGGACGG,chr10:81107148-81107167,AGATGCCCACAGGCACAGTACTTAGTTGACAAATCCATGTCTCTCTCGTTCATTTTATCCTAAGAACAGACACGAGAAAAAAGCAGGATGAGGAGCATGATCGCACCCTTACCCTCCAGATGGGAAACTGAGGCCCAGAGAGGCCTGGAGCACTGGTGCAAGCTGGTAGCAATACTCCAGGGCTCCCTAGCCCTAGCCAGTGCCTTCCTGTGTCCAGGCCTCAGCTTCCCCTGGGGACAGTACAAGTGTTGGGCCAGATGCTCTCTCAGGTCCCTGCGTGGCATCCATTTATTGCAGACCTCCCACCACCTTGCAGTGAGGGTGGCTCTGGCTGCTGGGAAGCCCACTTTCAGCACGTGGGGTTTAAATGCTCCTGCTGTGGGTCTCCCCACTGAGTCCCCTCCCAGGGTGCATGCTGATGGGAGGGGGCAGCTGGCAGTCTGCCCCGGGGCTGTCAGTGTGGGTCCTAGGAGGAGGGATCAGACCCAGTCCTGGGGAGGGCTGGGGGCCTGAAAGGAGCATGATGAGCCCAGGCTGCGTTTTCAGTCTTGCTAGAAGCAGGTCTGGTCCCCAGAAACAACTAGAGACAGGCCCAGGCCGGGACAAGCAGGCTAGGGGGCATCATGGGAGGTGTCTCAGCTTATCTCCTCCCTCTTGCGCCTCTAGCTCACTAATCCCGCCTCTCATCTCACCTTTCTCTAACCCTCTCAGACTGCAGGACCTAGGGCAGCAGGGAAGCTTATTTGGCCTGAGCCTTACCTGCAAAGGGCTCAAAGGTAGACTTTTGCTATTATATTCAAATTGCAACGTATAGATGCTCATATTTTGGAATTAATTACGTTTTAGCAGTTTTTCTTTTTTTAAAAAAATCTGCTGGTACCTTAATAAACATGGAACCAGCAACCTTTTGCCAGGTGTCTGTTCTCCGGGTCTCTGGGCCTGGAGGCGGGAGTGTTTCAAAGCACTTCACGCTCCGCGGCCCCACCGGCTGGCTGCGCTGCCCGCTGCGGCCGGCAGGGGTAGTCCACGGACAGGCCTGGAGGAGGCGGGACGTACAGGAGGGGGCAGGGCCGGGAACCTGGGCAAGCCAATAAAGGCTGCGGCGCGCGGCTGCGCGGGACTCGGCCTTCTGGGCGCGCGCGACGTCAGTTTGAGTTCTGTGTTCTCCCCGCCCGTGTCCCGCCCGACCCGCGCCCGCGATGCTGGCGCTGCGCTGCGGCTCCCGCTGGCTCGGCCTGCTCTCCGTCCCGCGCTCCGTGCCGCTGCGCCTCCCCGCGGCCCGCGCCTGCAGCAAGGGCTCCGGCGACCCGTCCTCTTCCTCCTCCTCCGGGAACCCGCTCGTGTACCTGGACGTGGACGCCAACGGGAAGCCGCTCGGCCGCGTGGTGCTGGAGGTGAGACCGCTCGCAGGGCCGGCCTGGGCGCGGGACACGGGCCCGGGGAGAGCCCTGGGCCCCGGGCGGCGCGGTGCCGGGCGCGCTGGGTGACCTTGGGCCTCCCCATGCCGAGCTCTGGGCCTCAGTTTCCCCATTTCTGAGAATGGGCGTCAGAATGATTTCTTCCGGCCTCCCTCGGAGCACTGGAGCGGGGGAGACGGGAGGGAGGGCACGTGTGGAGGAGAAAGCTCAAGGTCAGATCGCAGAGAGGGAGGGCTCAGCACCTCTGGGCCGGCCCGGGCACGAGGGAGGGGCTCCAGGAGCCTTCTGGGGCTGAGCCTAGATCCGGAGCTCCGAGGTGGGTGTCGGGGGTCTTGGGGTGAGCGTCGTGGCCCAGCGGGTGCTCACGTGGCGGCCCTTGCACAACACGGAGCGCTTCCTGGCTCCGGCCCCGCCCCTGCGGTCGGGCTCACACTGGGGGTGCTGGGAAATGGAGCGAGAGGTGGTTTCCAGCAGTAGTGCGGGCCCAGTAGGCCTCAGGCCCCGGCCACCTGGTGGACCCCAGAATGCCCCTCCTGCGAGTCGGGACACACTCAGAGACAGTGTGCCCGGCGCCTCAACCCCTGCCACTGTCCTTGGGGGCCACACTGAGCACCTCCCCTAACTCTGTTTTTGGGTCTTTTCTAAAGCAAAGTAAGAAACAGTCACCAGGGTAGCTTTAGAGGGAAAGCCCTAGTG,0.09152936935424805
34.0,GABPAscrb2,GC_Matched_Scramble,AACGGAGC,chr10:81107166-81107167,GCCTGGAGGAGGCGGGACGG,chr10:81107148-81107167,AGATGCCCACAGGCACAGTACTTAGTTGACAAATCCATGTCTCTCTCGTTCATTTTATCCTAAGAACAGACACGAGAAAAAAGCAGGATGAGGAGCATGATCGCACCCTTACCCTCCAGATGGGAAACTGAGGCCCAGAGAGGCCTGGAGCACTGGTGCAAGCTGGTAGCAATACTCCAGGGCTCCCTAGCCCTAGCCAGTGCCTTCCTGTGTCCAGGCCTCAGCTTCCCCTGGGGACAGTACAAGTGTTGGGCCAGATGCTCTCTCAGGTCCCTGCGTGGCATCCATTTATTGCAGACCTCCCACCACCTTGCAGTGAGGGTGGCTCTGGCTGCTGGGAAGCCCACTTTCAGCACGTGGGGTTTAAATGCTCCTGCTGTGGGTCTCCCCACTGAGTCCCCTCCCAGGGTGCATGCTGATGGGAGGGGGCAGCTGGCAGTCTGCCCCGGGGCTGTCAGTGTGGGTCCTAGGAGGAGGGATCAGACCCAGTCCTGGGGAGGGCTGGGGGCCTGAAAGGAGCATGATGAGCCCAGGCTGCGTTTTCAGTCTTGCTAGAAGCAGGTCTGGTCCCCAGAAACAACTAGAGACAGGCCCAGGCCGGGACAAGCAGGCTAGGGGGCATCATGGGAGGTGTCTCAGCTTATCTCCTCCCTCTTGCGCCTCTAGCTCACTAATCCCGCCTCTCATCTCACCTTTCTCTAACCCTCTCAGACTGCAGGACCTAGGGCAGCAGGGAAGCTTATTTGGCCTGAGCCTTACCTGCAAAGGGCTCAAAGGTAGACTTTTGCTATTATATTCAAATTGCAACGTATAGATGCTCATATTTTGGAATTAATTACGTTTTAGCAGTTTTTCTTTTTTTAAAAAAATCTGCTGGTACCTTAATAAACATGGAACCAGCAACCTTTTGCCAGGTGTCTGTTCTCCGGGTCTCTGGGCCTGGAGGCGGGAGTGTTTCAAAGCACTTCACGCTCCGCGGCCCCACCGGCTGGCTGCGCTGCCCGCTGCGGCCGGCAGGGGTAGTCCACGGACAGGCCTGGAGGAGGCGGGACGAACGGAGCGGGGCAGGGCCGGGAACCTGGGCAAGCCAATAAAGGCTGCGGCGCGCGGCTGCGCGGGACTCGGCCTTCTGGGCGCGCGCGACGTCAGTTTGAGTTCTGTGTTCTCCCCGCCCGTGTCCCGCCCGACCCGCGCCCGCGATGCTGGCGCTGCGCTGCGGCTCCCGCTGGCTCGGCCTGCTCTCCGTCCCGCGCTCCGTGCCGCTGCGCCTCCCCGCGGCCCGCGCCTGCAGCAAGGGCTCCGGCGACCCGTCCTCTTCCTCCTCCTCCGGGAACCCGCTCGTGTACCTGGACGTGGACGCCAACGGGAAGCCGCTCGGCCGCGTGGTGCTGGAGGTGAGACCGCTCGCAGGGCCGGCCTGGGCGCGGGACACGGGCCCGGGGAGAGCCCTGGGCCCCGGGCGGCGCGGTGCCGGGCGCGCTGGGTGACCTTGGGCCTCCCCATGCCGAGCTCTGGGCCTCAGTTTCCCCATTTCTGAGAATGGGCGTCAGAATGATTTCTTCCGGCCTCCCTCGGAGCACTGGAGCGGGGGAGACGGGAGGGAGGGCACGTGTGGAGGAGAAAGCTCAAGGTCAGATCGCAGAGAGGGAGGGCTCAGCACCTCTGGGCCGGCCCGGGCACGAGGGAGGGGCTCCAGGAGCCTTCTGGGGCTGAGCCTAGATCCGGAGCTCCGAGGTGGGTGTCGGGGGTCTTGGGGTGAGCGTCGTGGCCCAGCGGGTGCTCACGTGGCGGCCCTTGCACAACACGGAGCGCTTCCTGGCTCCGGCCCCGCCCCTGCGGTCGGGCTCACACTGGGGGTGCTGGGAAATGGAGCGAGAGGTGGTTTCCAGCAGTAGTGCGGGCCCAGTAGGCCTCAGGCCCCGGCCACCTGGTGGACCCCAGAATGCCCCTCCTGCGAGTCGGGACACACTCAGAGACAGTGTGCCCGGCGCCTCAACCCCTGCCACTGTCCTTGGGGGCCACACTGAGCACCTCCCCTAACTCTGTTTTTGGGTCTTTTCTAAAGCAAAGTAAGAAACAGTCACCAGGGTAGCTTTAGAGGGAAAGCCCTAGTG,0.15908193588256836
35.0,ETS1scrb2,GC_Matched_Scramble,GTACATGA,chr10:81107166-81107167,GCCTGGAGGAGGCGGGACGG,chr10:81107148-81107167,AGATGCCCACAGGCACAGTACTTAGTTGACAAATCCATGTCTCTCTCGTTCATTTTATCCTAAGAACAGACACGAGAAAAAAGCAGGATGAGGAGCATGATCGCACCCTTACCCTCCAGATGGGAAACTGAGGCCCAGAGAGGCCTGGAGCACTGGTGCAAGCTGGTAGCAATACTCCAGGGCTCCCTAGCCCTAGCCAGTGCCTTCCTGTGTCCAGGCCTCAGCTTCCCCTGGGGACAGTACAAGTGTTGGGCCAGATGCTCTCTCAGGTCCCTGCGTGGCATCCATTTATTGCAGACCTCCCACCACCTTGCAGTGAGGGTGGCTCTGGCTGCTGGGAAGCCCACTTTCAGCACGTGGGGTTTAAATGCTCCTGCTGTGGGTCTCCCCACTGAGTCCCCTCCCAGGGTGCATGCTGATGGGAGGGGGCAGCTGGCAGTCTGCCCCGGGGCTGTCAGTGTGGGTCCTAGGAGGAGGGATCAGACCCAGTCCTGGGGAGGGCTGGGGGCCTGAAAGGAGCATGATGAGCCCAGGCTGCGTTTTCAGTCTTGCTAGAAGCAGGTCTGGTCCCCAGAAACAACTAGAGACAGGCCCAGGCCGGGACAAGCAGGCTAGGGGGCATCATGGGAGGTGTCTCAGCTTATCTCCTCCCTCTTGCGCCTCTAGCTCACTAATCCCGCCTCTCATCTCACCTTTCTCTAACCCTCTCAGACTGCAGGACCTAGGGCAGCAGGGAAGCTTATTTGGCCTGAGCCTTACCTGCAAAGGGCTCAAAGGTAGACTTTTGCTATTATATTCAAATTGCAACGTATAGATGCTCATATTTTGGAATTAATTACGTTTTAGCAGTTTTTCTTTTTTTAAAAAAATCTGCTGGTACCTTAATAAACATGGAACCAGCAACCTTTTGCCAGGTGTCTGTTCTCCGGGTCTCTGGGCCTGGAGGCGGGAGTGTTTCAAAGCACTTCACGCTCCGCGGCCCCACCGGCTGGCTGCGCTGCCCGCTGCGGCCGGCAGGGGTAGTCCACGGACAGGCCTGGAGGAGGCGGGACGGTACATGAGGGGCAGGGCCGGGAACCTGGGCAAGCCAATAAAGGCTGCGGCGCGCGGCTGCGCGGGACTCGGCCTTCTGGGCGCGCGCGACGTCAGTTTGAGTTCTGTGTTCTCCCCGCCCGTGTCCCGCCCGACCCGCGCCCGCGATGCTGGCGCTGCGCTGCGGCTCCCGCTGGCTCGGCCTGCTCTCCGTCCCGCGCTCCGTGCCGCTGCGCCTCCCCGCGGCCCGCGCCTGCAGCAAGGGCTCCGGCGACCCGTCCTCTTCCTCCTCCTCCGGGAACCCGCTCGTGTACCTGGACGTGGACGCCAACGGGAAGCCGCTCGGCCGCGTGGTGCTGGAGGTGAGACCGCTCGCAGGGCCGGCCTGGGCGCGGGACACGGGCCCGGGGAGAGCCCTGGGCCCCGGGCGGCGCGGTGCCGGGCGCGCTGGGTGACCTTGGGCCTCCCCATGCCGAGCTCTGGGCCTCAGTTTCCCCATTTCTGAGAATGGGCGTCAGAATGATTTCTTCCGGCCTCCCTCGGAGCACTGGAGCGGGGGAGACGGGAGGGAGGGCACGTGTGGAGGAGAAAGCTCAAGGTCAGATCGCAGAGAGGGAGGGCTCAGCACCTCTGGGCCGGCCCGGGCACGAGGGAGGGGCTCCAGGAGCCTTCTGGGGCTGAGCCTAGATCCGGAGCTCCGAGGTGGGTGTCGGGGGTCTTGGGGTGAGCGTCGTGGCCCAGCGGGTGCTCACGTGGCGGCCCTTGCACAACACGGAGCGCTTCCTGGCTCCGGCCCCGCCCCTGCGGTCGGGCTCACACTGGGGGTGCTGGGAAATGGAGCGAGAGGTGGTTTCCAGCAGTAGTGCGGGCCCAGTAGGCCTCAGGCCCCGGCCACCTGGTGGACCCCAGAATGCCCCTCCTGCGAGTCGGGACACACTCAGAGACAGTGTGCCCGGCGCCTCAACCCCTGCCACTGTCCTTGGGGGCCACACTGAGCACCTCCCCTAACTCTGTTTTTGGGTCTTTTCTAAAGCAAAGTAAGAAACAGTCACCAGGGTAGCTTTAGAGGGAAAGCCCTAGTG,0.07031488418579102
36.0,NRF1scrb2,GC_Matched_Scramble,GGCGCTCC,chr10:81107166-81107167,GCCTGGAGGAGGCGGGACGG,chr10:81107148-81107167,AGATGCCCACAGGCACAGTACTTAGTTGACAAATCCATGTCTCTCTCGTTCATTTTATCCTAAGAACAGACACGAGAAAAAAGCAGGATGAGGAGCATGATCGCACCCTTACCCTCCAGATGGGAAACTGAGGCCCAGAGAGGCCTGGAGCACTGGTGCAAGCTGGTAGCAATACTCCAGGGCTCCCTAGCCCTAGCCAGTGCCTTCCTGTGTCCAGGCCTCAGCTTCCCCTGGGGACAGTACAAGTGTTGGGCCAGATGCTCTCTCAGGTCCCTGCGTGGCATCCATTTATTGCAGACCTCCCACCACCTTGCAGTGAGGGTGGCTCTGGCTGCTGGGAAGCCCACTTTCAGCACGTGGGGTTTAAATGCTCCTGCTGTGGGTCTCCCCACTGAGTCCCCTCCCAGGGTGCATGCTGATGGGAGGGGGCAGCTGGCAGTCTGCCCCGGGGCTGTCAGTGTGGGTCCTAGGAGGAGGGATCAGACCCAGTCCTGGGGAGGGCTGGGGGCCTGAAAGGAGCATGATGAGCCCAGGCTGCGTTTTCAGTCTTGCTAGAAGCAGGTCTGGTCCCCAGAAACAACTAGAGACAGGCCCAGGCCGGGACAAGCAGGCTAGGGGGCATCATGGGAGGTGTCTCAGCTTATCTCCTCCCTCTTGCGCCTCTAGCTCACTAATCCCGCCTCTCATCTCACCTTTCTCTAACCCTCTCAGACTGCAGGACCTAGGGCAGCAGGGAAGCTTATTTGGCCTGAGCCTTACCTGCAAAGGGCTCAAAGGTAGACTTTTGCTATTATATTCAAATTGCAACGTATAGATGCTCATATTTTGGAATTAATTACGTTTTAGCAGTTTTTCTTTTTTTAAAAAAATCTGCTGGTACCTTAATAAACATGGAACCAGCAACCTTTTGCCAGGTGTCTGTTCTCCGGGTCTCTGGGCCTGGAGGCGGGAGTGTTTCAAAGCACTTCACGCTCCGCGGCCCCACCGGCTGGCTGCGCTGCCCGCTGCGGCCGGCAGGGGTAGTCCACGGACAGGCCTGGAGGAGGCGGGACGGGCGCTCCGGGGCAGGGCCGGGAACCTGGGCAAGCCAATAAAGGCTGCGGCGCGCGGCTGCGCGGGACTCGGCCTTCTGGGCGCGCGCGACGTCAGTTTGAGTTCTGTGTTCTCCCCGCCCGTGTCCCGCCCGACCCGCGCCCGCGATGCTGGCGCTGCGCTGCGGCTCCCGCTGGCTCGGCCTGCTCTCCGTCCCGCGCTCCGTGCCGCTGCGCCTCCCCGCGGCCCGCGCCTGCAGCAAGGGCTCCGGCGACCCGTCCTCTTCCTCCTCCTCCGGGAACCCGCTCGTGTACCTGGACGTGGACGCCAACGGGAAGCCGCTCGGCCGCGTGGTGCTGGAGGTGAGACCGCTCGCAGGGCCGGCCTGGGCGCGGGACACGGGCCCGGGGAGAGCCCTGGGCCCCGGGCGGCGCGGTGCCGGGCGCGCTGGGTGACCTTGGGCCTCCCCATGCCGAGCTCTGGGCCTCAGTTTCCCCATTTCTGAGAATGGGCGTCAGAATGATTTCTTCCGGCCTCCCTCGGAGCACTGGAGCGGGGGAGACGGGAGGGAGGGCACGTGTGGAGGAGAAAGCTCAAGGTCAGATCGCAGAGAGGGAGGGCTCAGCACCTCTGGGCCGGCCCGGGCACGAGGGAGGGGCTCCAGGAGCCTTCTGGGGCTGAGCCTAGATCCGGAGCTCCGAGGTGGGTGTCGGGGGTCTTGGGGTGAGCGTCGTGGCCCAGCGGGTGCTCACGTGGCGGCCCTTGCACAACACGGAGCGCTTCCTGGCTCCGGCCCCGCCCCTGCGGTCGGGCTCACACTGGGGGTGCTGGGAAATGGAGCGAGAGGTGGTTTCCAGCAGTAGTGCGGGCCCAGTAGGCCTCAGGCCCCGGCCACCTGGTGGACCCCAGAATGCCCCTCCTGCGAGTCGGGACACACTCAGAGACAGTGTGCCCGGCGCCTCAACCCCTGCCACTGTCCTTGGGGGCCACACTGAGCACCTCCCCTAACTCTGTTTTTGGGTCTTTTCTAAAGCAAAGTAAGAAACAGTCACCAGGGTAGCTTTAGAGGGAAAGCCCTAGTG,0.14645719528198242
37.0,SPI1scrb2,GC_Matched_Scramble,GTGAGAGA,chr10:81107166-81107167,GCCTGGAGGAGGCGGGACGG,chr10:81107148-81107167,AGATGCCCACAGGCACAGTACTTAGTTGACAAATCCATGTCTCTCTCGTTCATTTTATCCTAAGAACAGACACGAGAAAAAAGCAGGATGAGGAGCATGATCGCACCCTTACCCTCCAGATGGGAAACTGAGGCCCAGAGAGGCCTGGAGCACTGGTGCAAGCTGGTAGCAATACTCCAGGGCTCCCTAGCCCTAGCCAGTGCCTTCCTGTGTCCAGGCCTCAGCTTCCCCTGGGGACAGTACAAGTGTTGGGCCAGATGCTCTCTCAGGTCCCTGCGTGGCATCCATTTATTGCAGACCTCCCACCACCTTGCAGTGAGGGTGGCTCTGGCTGCTGGGAAGCCCACTTTCAGCACGTGGGGTTTAAATGCTCCTGCTGTGGGTCTCCCCACTGAGTCCCCTCCCAGGGTGCATGCTGATGGGAGGGGGCAGCTGGCAGTCTGCCCCGGGGCTGTCAGTGTGGGTCCTAGGAGGAGGGATCAGACCCAGTCCTGGGGAGGGCTGGGGGCCTGAAAGGAGCATGATGAGCCCAGGCTGCGTTTTCAGTCTTGCTAGAAGCAGGTCTGGTCCCCAGAAACAACTAGAGACAGGCCCAGGCCGGGACAAGCAGGCTAGGGGGCATCATGGGAGGTGTCTCAGCTTATCTCCTCCCTCTTGCGCCTCTAGCTCACTAATCCCGCCTCTCATCTCACCTTTCTCTAACCCTCTCAGACTGCAGGACCTAGGGCAGCAGGGAAGCTTATTTGGCCTGAGCCTTACCTGCAAAGGGCTCAAAGGTAGACTTTTGCTATTATATTCAAATTGCAACGTATAGATGCTCATATTTTGGAATTAATTACGTTTTAGCAGTTTTTCTTTTTTTAAAAAAATCTGCTGGTACCTTAATAAACATGGAACCAGCAACCTTTTGCCAGGTGTCTGTTCTCCGGGTCTCTGGGCCTGGAGGCGGGAGTGTTTCAAAGCACTTCACGCTCCGCGGCCCCACCGGCTGGCTGCGCTGCCCGCTGCGGCCGGCAGGGGTAGTCCACGGACAGGCCTGGAGGAGGCGGGACGGTGAGAGAGGGGCAGGGCCGGGAACCTGGGCAAGCCAATAAAGGCTGCGGCGCGCGGCTGCGCGGGACTCGGCCTTCTGGGCGCGCGCGACGTCAGTTTGAGTTCTGTGTTCTCCCCGCCCGTGTCCCGCCCGACCCGCGCCCGCGATGCTGGCGCTGCGCTGCGGCTCCCGCTGGCTCGGCCTGCTCTCCGTCCCGCGCTCCGTGCCGCTGCGCCTCCCCGCGGCCCGCGCCTGCAGCAAGGGCTCCGGCGACCCGTCCTCTTCCTCCTCCTCCGGGAACCCGCTCGTGTACCTGGACGTGGACGCCAACGGGAAGCCGCTCGGCCGCGTGGTGCTGGAGGTGAGACCGCTCGCAGGGCCGGCCTGGGCGCGGGACACGGGCCCGGGGAGAGCCCTGGGCCCCGGGCGGCGCGGTGCCGGGCGCGCTGGGTGACCTTGGGCCTCCCCATGCCGAGCTCTGGGCCTCAGTTTCCCCATTTCTGAGAATGGGCGTCAGAATGATTTCTTCCGGCCTCCCTCGGAGCACTGGAGCGGGGGAGACGGGAGGGAGGGCACGTGTGGAGGAGAAAGCTCAAGGTCAGATCGCAGAGAGGGAGGGCTCAGCACCTCTGGGCCGGCCCGGGCACGAGGGAGGGGCTCCAGGAGCCTTCTGGGGCTGAGCCTAGATCCGGAGCTCCGAGGTGGGTGTCGGGGGTCTTGGGGTGAGCGTCGTGGCCCAGCGGGTGCTCACGTGGCGGCCCTTGCACAACACGGAGCGCTTCCTGGCTCCGGCCCCGCCCCTGCGGTCGGGCTCACACTGGGGGTGCTGGGAAATGGAGCGAGAGGTGGTTTCCAGCAGTAGTGCGGGCCCAGTAGGCCTCAGGCCCCGGCCACCTGGTGGACCCCAGAATGCCCCTCCTGCGAGTCGGGACACACTCAGAGACAGTGTGCCCGGCGCCTCAACCCCTGCCACTGTCCTTGGGGGCCACACTGAGCACCTCCCCTAACTCTGTTTTTGGGTCTTTTCTAAAGCAAAGTAAGAAACAGTCACCAGGGTAGCTTTAGAGGGAAAGCCCTAGTG,0.015460968017578125
38.0,GATA3scrb2,GC_Matched_Scramble,GAGAAAAT,chr10:81107166-81107167,GCCTGGAGGAGGCGGGACGG,chr10:81107148-81107167,AGATGCCCACAGGCACAGTACTTAGTTGACAAATCCATGTCTCTCTCGTTCATTTTATCCTAAGAACAGACACGAGAAAAAAGCAGGATGAGGAGCATGATCGCACCCTTACCCTCCAGATGGGAAACTGAGGCCCAGAGAGGCCTGGAGCACTGGTGCAAGCTGGTAGCAATACTCCAGGGCTCCCTAGCCCTAGCCAGTGCCTTCCTGTGTCCAGGCCTCAGCTTCCCCTGGGGACAGTACAAGTGTTGGGCCAGATGCTCTCTCAGGTCCCTGCGTGGCATCCATTTATTGCAGACCTCCCACCACCTTGCAGTGAGGGTGGCTCTGGCTGCTGGGAAGCCCACTTTCAGCACGTGGGGTTTAAATGCTCCTGCTGTGGGTCTCCCCACTGAGTCCCCTCCCAGGGTGCATGCTGATGGGAGGGGGCAGCTGGCAGTCTGCCCCGGGGCTGTCAGTGTGGGTCCTAGGAGGAGGGATCAGACCCAGTCCTGGGGAGGGCTGGGGGCCTGAAAGGAGCATGATGAGCCCAGGCTGCGTTTTCAGTCTTGCTAGAAGCAGGTCTGGTCCCCAGAAACAACTAGAGACAGGCCCAGGCCGGGACAAGCAGGCTAGGGGGCATCATGGGAGGTGTCTCAGCTTATCTCCTCCCTCTTGCGCCTCTAGCTCACTAATCCCGCCTCTCATCTCACCTTTCTCTAACCCTCTCAGACTGCAGGACCTAGGGCAGCAGGGAAGCTTATTTGGCCTGAGCCTTACCTGCAAAGGGCTCAAAGGTAGACTTTTGCTATTATATTCAAATTGCAACGTATAGATGCTCATATTTTGGAATTAATTACGTTTTAGCAGTTTTTCTTTTTTTAAAAAAATCTGCTGGTACCTTAATAAACATGGAACCAGCAACCTTTTGCCAGGTGTCTGTTCTCCGGGTCTCTGGGCCTGGAGGCGGGAGTGTTTCAAAGCACTTCACGCTCCGCGGCCCCACCGGCTGGCTGCGCTGCCCGCTGCGGCCGGCAGGGGTAGTCCACGGACAGGCCTGGAGGAGGCGGGACGGAGAAAATGGGGCAGGGCCGGGAACCTGGGCAAGCCAATAAAGGCTGCGGCGCGCGGCTGCGCGGGACTCGGCCTTCTGGGCGCGCGCGACGTCAGTTTGAGTTCTGTGTTCTCCCCGCCCGTGTCCCGCCCGACCCGCGCCCGCGATGCTGGCGCTGCGCTGCGGCTCCCGCTGGCTCGGCCTGCTCTCCGTCCCGCGCTCCGTGCCGCTGCGCCTCCCCGCGGCCCGCGCCTGCAGCAAGGGCTCCGGCGACCCGTCCTCTTCCTCCTCCTCCGGGAACCCGCTCGTGTACCTGGACGTGGACGCCAACGGGAAGCCGCTCGGCCGCGTGGTGCTGGAGGTGAGACCGCTCGCAGGGCCGGCCTGGGCGCGGGACACGGGCCCGGGGAGAGCCCTGGGCCCCGGGCGGCGCGGTGCCGGGCGCGCTGGGTGACCTTGGGCCTCCCCATGCCGAGCTCTGGGCCTCAGTTTCCCCATTTCTGAGAATGGGCGTCAGAATGATTTCTTCCGGCCTCCCTCGGAGCACTGGAGCGGGGGAGACGGGAGGGAGGGCACGTGTGGAGGAGAAAGCTCAAGGTCAGATCGCAGAGAGGGAGGGCTCAGCACCTCTGGGCCGGCCCGGGCACGAGGGAGGGGCTCCAGGAGCCTTCTGGGGCTGAGCCTAGATCCGGAGCTCCGAGGTGGGTGTCGGGGGTCTTGGGGTGAGCGTCGTGGCCCAGCGGGTGCTCACGTGGCGGCCCTTGCACAACACGGAGCGCTTCCTGGCTCCGGCCCCGCCCCTGCGGTCGGGCTCACACTGGGGGTGCTGGGAAATGGAGCGAGAGGTGGTTTCCAGCAGTAGTGCGGGCCCAGTAGGCCTCAGGCCCCGGCCACCTGGTGGACCCCAGAATGCCCCTCCTGCGAGTCGGGACACACTCAGAGACAGTGTGCCCGGCGCCTCAACCCCTGCCACTGTCCTTGGGGGCCACACTGAGCACCTCCCCTAACTCTGTTTTTGGGTCTTTTCTAAAGCAAAGTAAGAAACAGTCACCAGGGTAGCTTTAGAGGGAAAGCCCTAGTG,-0.03826904296875
39.0,MYCscrb2,GC_Matched_Scramble,GGCTCACC,chr10:81107166-81107167,GCCTGGAGGAGGCGGGACGG,chr10:81107148-81107167,AGATGCCCACAGGCACAGTACTTAGTTGACAAATCCATGTCTCTCTCGTTCATTTTATCCTAAGAACAGACACGAGAAAAAAGCAGGATGAGGAGCATGATCGCACCCTTACCCTCCAGATGGGAAACTGAGGCCCAGAGAGGCCTGGAGCACTGGTGCAAGCTGGTAGCAATACTCCAGGGCTCCCTAGCCCTAGCCAGTGCCTTCCTGTGTCCAGGCCTCAGCTTCCCCTGGGGACAGTACAAGTGTTGGGCCAGATGCTCTCTCAGGTCCCTGCGTGGCATCCATTTATTGCAGACCTCCCACCACCTTGCAGTGAGGGTGGCTCTGGCTGCTGGGAAGCCCACTTTCAGCACGTGGGGTTTAAATGCTCCTGCTGTGGGTCTCCCCACTGAGTCCCCTCCCAGGGTGCATGCTGATGGGAGGGGGCAGCTGGCAGTCTGCCCCGGGGCTGTCAGTGTGGGTCCTAGGAGGAGGGATCAGACCCAGTCCTGGGGAGGGCTGGGGGCCTGAAAGGAGCATGATGAGCCCAGGCTGCGTTTTCAGTCTTGCTAGAAGCAGGTCTGGTCCCCAGAAACAACTAGAGACAGGCCCAGGCCGGGACAAGCAGGCTAGGGGGCATCATGGGAGGTGTCTCAGCTTATCTCCTCCCTCTTGCGCCTCTAGCTCACTAATCCCGCCTCTCATCTCACCTTTCTCTAACCCTCTCAGACTGCAGGACCTAGGGCAGCAGGGAAGCTTATTTGGCCTGAGCCTTACCTGCAAAGGGCTCAAAGGTAGACTTTTGCTATTATATTCAAATTGCAACGTATAGATGCTCATATTTTGGAATTAATTACGTTTTAGCAGTTTTTCTTTTTTTAAAAAAATCTGCTGGTACCTTAATAAACATGGAACCAGCAACCTTTTGCCAGGTGTCTGTTCTCCGGGTCTCTGGGCCTGGAGGCGGGAGTGTTTCAAAGCACTTCACGCTCCGCGGCCCCACCGGCTGGCTGCGCTGCCCGCTGCGGCCGGCAGGGGTAGTCCACGGACAGGCCTGGAGGAGGCGGGACGGGCTCACCGGGGCAGGGCCGGGAACCTGGGCAAGCCAATAAAGGCTGCGGCGCGCGGCTGCGCGGGACTCGGCCTTCTGGGCGCGCGCGACGTCAGTTTGAGTTCTGTGTTCTCCCCGCCCGTGTCCCGCCCGACCCGCGCCCGCGATGCTGGCGCTGCGCTGCGGCTCCCGCTGGCTCGGCCTGCTCTCCGTCCCGCGCTCCGTGCCGCTGCGCCTCCCCGCGGCCCGCGCCTGCAGCAAGGGCTCCGGCGACCCGTCCTCTTCCTCCTCCTCCGGGAACCCGCTCGTGTACCTGGACGTGGACGCCAACGGGAAGCCGCTCGGCCGCGTGGTGCTGGAGGTGAGACCGCTCGCAGGGCCGGCCTGGGCGCGGGACACGGGCCCGGGGAGAGCCCTGGGCCCCGGGCGGCGCGGTGCCGGGCGCGCTGGGTGACCTTGGGCCTCCCCATGCCGAGCTCTGGGCCTCAGTTTCCCCATTTCTGAGAATGGGCGTCAGAATGATTTCTTCCGGCCTCCCTCGGAGCACTGGAGCGGGGGAGACGGGAGGGAGGGCACGTGTGGAGGAGAAAGCTCAAGGTCAGATCGCAGAGAGGGAGGGCTCAGCACCTCTGGGCCGGCCCGGGCACGAGGGAGGGGCTCCAGGAGCCTTCTGGGGCTGAGCCTAGATCCGGAGCTCCGAGGTGGGTGTCGGGGGTCTTGGGGTGAGCGTCGTGGCCCAGCGGGTGCTCACGTGGCGGCCCTTGCACAACACGGAGCGCTTCCTGGCTCCGGCCCCGCCCCTGCGGTCGGGCTCACACTGGGGGTGCTGGGAAATGGAGCGAGAGGTGGTTTCCAGCAGTAGTGCGGGCCCAGTAGGCCTCAGGCCCCGGCCACCTGGTGGACCCCAGAATGCCCCTCCTGCGAGTCGGGACACACTCAGAGACAGTGTGCCCGGCGCCTCAACCCCTGCCACTGTCCTTGGGGGCCACACTGAGCACCTCCCCTAACTCTGTTTTTGGGTCTTTTCTAAAGCAAAGTAAGAAACAGTCACCAGGGTAGCTTTAGAGGGAAAGCCCTAGTG,-0.059722900390625
40.0,FOSJUNscrb2,GC_Matched_Scramble,CTGTGAAT,chr10:81107166-81107167,GCCTGGAGGAGGCGGGACGG,chr10:81107148-81107167,AGATGCCCACAGGCACAGTACTTAGTTGACAAATCCATGTCTCTCTCGTTCATTTTATCCTAAGAACAGACACGAGAAAAAAGCAGGATGAGGAGCATGATCGCACCCTTACCCTCCAGATGGGAAACTGAGGCCCAGAGAGGCCTGGAGCACTGGTGCAAGCTGGTAGCAATACTCCAGGGCTCCCTAGCCCTAGCCAGTGCCTTCCTGTGTCCAGGCCTCAGCTTCCCCTGGGGACAGTACAAGTGTTGGGCCAGATGCTCTCTCAGGTCCCTGCGTGGCATCCATTTATTGCAGACCTCCCACCACCTTGCAGTGAGGGTGGCTCTGGCTGCTGGGAAGCCCACTTTCAGCACGTGGGGTTTAAATGCTCCTGCTGTGGGTCTCCCCACTGAGTCCCCTCCCAGGGTGCATGCTGATGGGAGGGGGCAGCTGGCAGTCTGCCCCGGGGCTGTCAGTGTGGGTCCTAGGAGGAGGGATCAGACCCAGTCCTGGGGAGGGCTGGGGGCCTGAAAGGAGCATGATGAGCCCAGGCTGCGTTTTCAGTCTTGCTAGAAGCAGGTCTGGTCCCCAGAAACAACTAGAGACAGGCCCAGGCCGGGACAAGCAGGCTAGGGGGCATCATGGGAGGTGTCTCAGCTTATCTCCTCCCTCTTGCGCCTCTAGCTCACTAATCCCGCCTCTCATCTCACCTTTCTCTAACCCTCTCAGACTGCAGGACCTAGGGCAGCAGGGAAGCTTATTTGGCCTGAGCCTTACCTGCAAAGGGCTCAAAGGTAGACTTTTGCTATTATATTCAAATTGCAACGTATAGATGCTCATATTTTGGAATTAATTACGTTTTAGCAGTTTTTCTTTTTTTAAAAAAATCTGCTGGTACCTTAATAAACATGGAACCAGCAACCTTTTGCCAGGTGTCTGTTCTCCGGGTCTCTGGGCCTGGAGGCGGGAGTGTTTCAAAGCACTTCACGCTCCGCGGCCCCACCGGCTGGCTGCGCTGCCCGCTGCGGCCGGCAGGGGTAGTCCACGGACAGGCCTGGAGGAGGCGGGACGCTGTGAATGGGGCAGGGCCGGGAACCTGGGCAAGCCAATAAAGGCTGCGGCGCGCGGCTGCGCGGGACTCGGCCTTCTGGGCGCGCGCGACGTCAGTTTGAGTTCTGTGTTCTCCCCGCCCGTGTCCCGCCCGACCCGCGCCCGCGATGCTGGCGCTGCGCTGCGGCTCCCGCTGGCTCGGCCTGCTCTCCGTCCCGCGCTCCGTGCCGCTGCGCCTCCCCGCGGCCCGCGCCTGCAGCAAGGGCTCCGGCGACCCGTCCTCTTCCTCCTCCTCCGGGAACCCGCTCGTGTACCTGGACGTGGACGCCAACGGGAAGCCGCTCGGCCGCGTGGTGCTGGAGGTGAGACCGCTCGCAGGGCCGGCCTGGGCGCGGGACACGGGCCCGGGGAGAGCCCTGGGCCCCGGGCGGCGCGGTGCCGGGCGCGCTGGGTGACCTTGGGCCTCCCCATGCCGAGCTCTGGGCCTCAGTTTCCCCATTTCTGAGAATGGGCGTCAGAATGATTTCTTCCGGCCTCCCTCGGAGCACTGGAGCGGGGGAGACGGGAGGGAGGGCACGTGTGGAGGAGAAAGCTCAAGGTCAGATCGCAGAGAGGGAGGGCTCAGCACCTCTGGGCCGGCCCGGGCACGAGGGAGGGGCTCCAGGAGCCTTCTGGGGCTGAGCCTAGATCCGGAGCTCCGAGGTGGGTGTCGGGGGTCTTGGGGTGAGCGTCGTGGCCCAGCGGGTGCTCACGTGGCGGCCCTTGCACAACACGGAGCGCTTCCTGGCTCCGGCCCCGCCCCTGCGGTCGGGCTCACACTGGGGGTGCTGGGAAATGGAGCGAGAGGTGGTTTCCAGCAGTAGTGCGGGCCCAGTAGGCCTCAGGCCCCGGCCACCTGGTGGACCCCAGAATGCCCCTCCTGCGAGTCGGGACACACTCAGAGACAGTGTGCCCGGCGCCTCAACCCCTGCCACTGTCCTTGGGGGCCACACTGAGCACCTCCCCTAACTCTGTTTTTGGGTCTTTTCTAAAGCAAAGTAAGAAACAGTCACCAGGGTAGCTTTAGAGGGAAAGCCCTAGTG,0.038127899169921875
41.0,ZBTB11scrb2,GC_Matched_Scramble,TGCGCGAA,chr10:81107166-81107167,GCCTGGAGGAGGCGGGACGG,chr10:81107148-81107167,AGATGCCCACAGGCACAGTACTTAGTTGACAAATCCATGTCTCTCTCGTTCATTTTATCCTAAGAACAGACACGAGAAAAAAGCAGGATGAGGAGCATGATCGCACCCTTACCCTCCAGATGGGAAACTGAGGCCCAGAGAGGCCTGGAGCACTGGTGCAAGCTGGTAGCAATACTCCAGGGCTCCCTAGCCCTAGCCAGTGCCTTCCTGTGTCCAGGCCTCAGCTTCCCCTGGGGACAGTACAAGTGTTGGGCCAGATGCTCTCTCAGGTCCCTGCGTGGCATCCATTTATTGCAGACCTCCCACCACCTTGCAGTGAGGGTGGCTCTGGCTGCTGGGAAGCCCACTTTCAGCACGTGGGGTTTAAATGCTCCTGCTGTGGGTCTCCCCACTGAGTCCCCTCCCAGGGTGCATGCTGATGGGAGGGGGCAGCTGGCAGTCTGCCCCGGGGCTGTCAGTGTGGGTCCTAGGAGGAGGGATCAGACCCAGTCCTGGGGAGGGCTGGGGGCCTGAAAGGAGCATGATGAGCCCAGGCTGCGTTTTCAGTCTTGCTAGAAGCAGGTCTGGTCCCCAGAAACAACTAGAGACAGGCCCAGGCCGGGACAAGCAGGCTAGGGGGCATCATGGGAGGTGTCTCAGCTTATCTCCTCCCTCTTGCGCCTCTAGCTCACTAATCCCGCCTCTCATCTCACCTTTCTCTAACCCTCTCAGACTGCAGGACCTAGGGCAGCAGGGAAGCTTATTTGGCCTGAGCCTTACCTGCAAAGGGCTCAAAGGTAGACTTTTGCTATTATATTCAAATTGCAACGTATAGATGCTCATATTTTGGAATTAATTACGTTTTAGCAGTTTTTCTTTTTTTAAAAAAATCTGCTGGTACCTTAATAAACATGGAACCAGCAACCTTTTGCCAGGTGTCTGTTCTCCGGGTCTCTGGGCCTGGAGGCGGGAGTGTTTCAAAGCACTTCACGCTCCGCGGCCCCACCGGCTGGCTGCGCTGCCCGCTGCGGCCGGCAGGGGTAGTCCACGGACAGGCCTGGAGGAGGCGGGACGTGCGCGAAGGGGCAGGGCCGGGAACCTGGGCAAGCCAATAAAGGCTGCGGCGCGCGGCTGCGCGGGACTCGGCCTTCTGGGCGCGCGCGACGTCAGTTTGAGTTCTGTGTTCTCCCCGCCCGTGTCCCGCCCGACCCGCGCCCGCGATGCTGGCGCTGCGCTGCGGCTCCCGCTGGCTCGGCCTGCTCTCCGTCCCGCGCTCCGTGCCGCTGCGCCTCCCCGCGGCCCGCGCCTGCAGCAAGGGCTCCGGCGACCCGTCCTCTTCCTCCTCCTCCGGGAACCCGCTCGTGTACCTGGACGTGGACGCCAACGGGAAGCCGCTCGGCCGCGTGGTGCTGGAGGTGAGACCGCTCGCAGGGCCGGCCTGGGCGCGGGACACGGGCCCGGGGAGAGCCCTGGGCCCCGGGCGGCGCGGTGCCGGGCGCGCTGGGTGACCTTGGGCCTCCCCATGCCGAGCTCTGGGCCTCAGTTTCCCCATTTCTGAGAATGGGCGTCAGAATGATTTCTTCCGGCCTCCCTCGGAGCACTGGAGCGGGGGAGACGGGAGGGAGGGCACGTGTGGAGGAGAAAGCTCAAGGTCAGATCGCAGAGAGGGAGGGCTCAGCACCTCTGGGCCGGCCCGGGCACGAGGGAGGGGCTCCAGGAGCCTTCTGGGGCTGAGCCTAGATCCGGAGCTCCGAGGTGGGTGTCGGGGGTCTTGGGGTGAGCGTCGTGGCCCAGCGGGTGCTCACGTGGCGGCCCTTGCACAACACGGAGCGCTTCCTGGCTCCGGCCCCGCCCCTGCGGTCGGGCTCACACTGGGGGTGCTGGGAAATGGAGCGAGAGGTGGTTTCCAGCAGTAGTGCGGGCCCAGTAGGCCTCAGGCCCCGGCCACCTGGTGGACCCCAGAATGCCCCTCCTGCGAGTCGGGACACACTCAGAGACAGTGTGCCCGGCGCCTCAACCCCTGCCACTGTCCTTGGGGGCCACACTGAGCACCTCCCCTAACTCTGTTTTTGGGTCTTTTCTAAAGCAAAGTAAGAAACAGTCACCAGGGTAGCTTTAGAGGGAAAGCCCTAGTG,0.10367107391357422
42.0,RESTscrb2,GC_Matched_Scramble,ATACAGCG,chr10:81107166-81107167,GCCTGGAGGAGGCGGGACGG,chr10:81107148-81107167,AGATGCCCACAGGCACAGTACTTAGTTGACAAATCCATGTCTCTCTCGTTCATTTTATCCTAAGAACAGACACGAGAAAAAAGCAGGATGAGGAGCATGATCGCACCCTTACCCTCCAGATGGGAAACTGAGGCCCAGAGAGGCCTGGAGCACTGGTGCAAGCTGGTAGCAATACTCCAGGGCTCCCTAGCCCTAGCCAGTGCCTTCCTGTGTCCAGGCCTCAGCTTCCCCTGGGGACAGTACAAGTGTTGGGCCAGATGCTCTCTCAGGTCCCTGCGTGGCATCCATTTATTGCAGACCTCCCACCACCTTGCAGTGAGGGTGGCTCTGGCTGCTGGGAAGCCCACTTTCAGCACGTGGGGTTTAAATGCTCCTGCTGTGGGTCTCCCCACTGAGTCCCCTCCCAGGGTGCATGCTGATGGGAGGGGGCAGCTGGCAGTCTGCCCCGGGGCTGTCAGTGTGGGTCCTAGGAGGAGGGATCAGACCCAGTCCTGGGGAGGGCTGGGGGCCTGAAAGGAGCATGATGAGCCCAGGCTGCGTTTTCAGTCTTGCTAGAAGCAGGTCTGGTCCCCAGAAACAACTAGAGACAGGCCCAGGCCGGGACAAGCAGGCTAGGGGGCATCATGGGAGGTGTCTCAGCTTATCTCCTCCCTCTTGCGCCTCTAGCTCACTAATCCCGCCTCTCATCTCACCTTTCTCTAACCCTCTCAGACTGCAGGACCTAGGGCAGCAGGGAAGCTTATTTGGCCTGAGCCTTACCTGCAAAGGGCTCAAAGGTAGACTTTTGCTATTATATTCAAATTGCAACGTATAGATGCTCATATTTTGGAATTAATTACGTTTTAGCAGTTTTTCTTTTTTTAAAAAAATCTGCTGGTACCTTAATAAACATGGAACCAGCAACCTTTTGCCAGGTGTCTGTTCTCCGGGTCTCTGGGCCTGGAGGCGGGAGTGTTTCAAAGCACTTCACGCTCCGCGGCCCCACCGGCTGGCTGCGCTGCCCGCTGCGGCCGGCAGGGGTAGTCCACGGACAGGCCTGGAGGAGGCGGGACGATACAGCGGGGGCAGGGCCGGGAACCTGGGCAAGCCAATAAAGGCTGCGGCGCGCGGCTGCGCGGGACTCGGCCTTCTGGGCGCGCGCGACGTCAGTTTGAGTTCTGTGTTCTCCCCGCCCGTGTCCCGCCCGACCCGCGCCCGCGATGCTGGCGCTGCGCTGCGGCTCCCGCTGGCTCGGCCTGCTCTCCGTCCCGCGCTCCGTGCCGCTGCGCCTCCCCGCGGCCCGCGCCTGCAGCAAGGGCTCCGGCGACCCGTCCTCTTCCTCCTCCTCCGGGAACCCGCTCGTGTACCTGGACGTGGACGCCAACGGGAAGCCGCTCGGCCGCGTGGTGCTGGAGGTGAGACCGCTCGCAGGGCCGGCCTGGGCGCGGGACACGGGCCCGGGGAGAGCCCTGGGCCCCGGGCGGCGCGGTGCCGGGCGCGCTGGGTGACCTTGGGCCTCCCCATGCCGAGCTCTGGGCCTCAGTTTCCCCATTTCTGAGAATGGGCGTCAGAATGATTTCTTCCGGCCTCCCTCGGAGCACTGGAGCGGGGGAGACGGGAGGGAGGGCACGTGTGGAGGAGAAAGCTCAAGGTCAGATCGCAGAGAGGGAGGGCTCAGCACCTCTGGGCCGGCCCGGGCACGAGGGAGGGGCTCCAGGAGCCTTCTGGGGCTGAGCCTAGATCCGGAGCTCCGAGGTGGGTGTCGGGGGTCTTGGGGTGAGCGTCGTGGCCCAGCGGGTGCTCACGTGGCGGCCCTTGCACAACACGGAGCGCTTCCTGGCTCCGGCCCCGCCCCTGCGGTCGGGCTCACACTGGGGGTGCTGGGAAATGGAGCGAGAGGTGGTTTCCAGCAGTAGTGCGGGCCCAGTAGGCCTCAGGCCCCGGCCACCTGGTGGACCCCAGAATGCCCCTCCTGCGAGTCGGGACACACTCAGAGACAGTGTGCCCGGCGCCTCAACCCCTGCCACTGTCCTTGGGGGCCACACTGAGCACCTCCCCTAACTCTGTTTTTGGGTCTTTTCTAAAGCAAAGTAAGAAACAGTCACCAGGGTAGCTTTAGAGGGAAAGCCCTAGTG,0.13449478149414062
